,date,pred_Y,pred_Y_ratio,raw_Y,raw_lag,target_Y_ratio,cost,revenue,profit,benchmark_profit,abs_error,timeline,month
547,2012-07-01,6608.160566568375,0.20962119,5531,5463.0,0.012,13216.32113313675,16593.0,3376.6788668632507,5463.0,1077.1605665683746,2012-07-01,7
548,2012-07-02,6798.140818119049,0.19538262,6227,5687.0,0.095,13596.281636238098,18681.0,5084.718363761902,5687.0,571.1408181190491,2012-07-02,7
549,2012-07-03,6382.543471336365,0.15395829,6660,5531.0,0.204,12765.08694267273,19147.630414009094,6382.543471336365,5531.0,277.45652866363525,2012-07-03,7
550,2012-07-04,6862.1421110630035,0.10199809,7403,6227.0,0.189,13724.284222126007,20586.42633318901,6862.1421110630035,6227.0,540.8578889369965,2012-07-04,7
551,2012-07-05,6061.30915760994,-0.08989352,6241,6660.0,-0.063,12122.61831521988,18183.92747282982,6061.30915760994,5403.0,179.69084239006042,2012-07-05,7
552,2012-07-06,6124.177668571472,-0.1727438,6207,7403.0,-0.162,12248.355337142944,18372.533005714417,6124.177668571472,3815.0,82.82233142852783,2012-07-06,7
553,2012-07-07,6680.253311872482,0.07038185,4840,6241.0,-0.224,13360.506623744965,14520.0,1159.4933762550354,2038.0,1840.2533118724823,2012-07-07,7
554,2012-07-08,6440.912502408028,0.037685245,4672,6207.0,-0.247,12881.825004816055,14016.0,1134.1749951839447,1602.0,1768.9125024080276,2012-07-08,7
555,2012-07-09,5349.744648933411,0.10531917,6569,4840.0,0.357,10699.489297866821,16049.233946800232,5349.744648933411,4840.0,1219.2553510665894,2012-07-09,7
556,2012-07-10,5675.943260192871,0.21488512,6290,4672.0,0.346,11351.886520385742,17027.829780578613,5675.943260192871,4672.0,614.0567398071289,2012-07-10,7
557,2012-07-11,6457.523034572601,-0.016970158,7264,6569.0,0.106,12915.046069145203,19372.569103717804,6457.523034572601,6569.0,806.4769654273987,2012-07-11,7
558,2012-07-12,6606.898394823074,0.050381273,7446,6290.0,0.184,13213.796789646149,19820.695184469223,6606.898394823074,6290.0,839.1016051769257,2012-07-12,7
559,2012-07-13,5715.311065673828,-0.21320057,7499,7264.0,0.032,11430.622131347656,17145.933197021484,5715.311065673828,7264.0,1783.6889343261719,2012-07-13,7
560,2012-07-14,5854.404150009155,-0.2137518,6969,7446.0,-0.064,11708.80830001831,17563.212450027466,5854.404150009155,6015.0,1114.5958499908447,2012-07-14,7
561,2012-07-15,6601.699458301067,-0.11965603,6031,7499.0,-0.196,13203.398916602135,18093.0,4889.601083397865,3095.0,570.6994583010674,2012-07-15,7
562,2012-07-16,6197.657483160496,-0.11068195,6830,6969.0,-0.02,12395.314966320992,18592.972449481487,6197.657483160496,6552.0,632.3425168395042,2012-07-16,7
563,2012-07-17,6456.355989217758,0.07052821,6786,6031.0,0.125,12912.711978435516,19369.067967653275,6456.355989217758,6031.0,329.6440107822418,2012-07-17,7
564,2012-07-18,6101.432757973671,-0.10667163,5713,6830.0,-0.164,12202.865515947342,17139.0,4936.134484052658,3479.0,388.43275797367096,2012-07-18,7
565,2012-07-19,6070.321825146675,-0.10546392,6591,6786.0,-0.029,12140.64365029335,18210.965475440025,6070.321825146675,6201.0,520.6781748533249,2012-07-19,7
566,2012-07-20,5910.385235309601,0.03455013,5870,5713.0,0.027,11820.770470619202,17610.0,5789.229529380798,5713.0,40.38523530960083,2012-07-20,7
567,2012-07-21,4492.392433047295,-0.31840503,4459,6591.0,-0.323,8984.78486609459,13377.0,4392.215133905411,195.0,33.39243304729462,2012-07-21,7
568,2012-07-22,6688.170268535614,0.13938165,7410,5870.0,0.262,13376.340537071228,20064.510805606842,6688.170268535614,5870.0,721.829731464386,2012-07-22,7
569,2012-07-23,5715.173190116882,0.28171635,6966,4459.0,0.562,11430.346380233765,17145.519570350647,5715.173190116882,4459.0,1250.8268098831177,2012-07-23,7
570,2012-07-24,6231.499215960503,-0.15904194,7592,7410.0,0.025,12462.998431921005,18694.497647881508,6231.499215960503,7410.0,1360.5007840394974,2012-07-24,7
571,2012-07-25,6694.7011070251465,-0.03894615,8173,6966.0,0.173,13389.402214050293,20084.10332107544,6694.7011070251465,6966.0,1478.2988929748535,2012-07-25,7
572,2012-07-26,6579.028822422028,-0.13342613,6861,7592.0,-0.096,13158.057644844055,19737.086467266083,6579.028822422028,5399.0,281.9711775779724,2012-07-26,7
573,2012-07-27,6809.379519045353,-0.16684455,6904,8173.0,-0.155,13618.759038090706,20428.13855713606,6809.379519045353,4366.0,94.62048095464706,2012-07-27,7
574,2012-07-28,6244.557494401932,-0.08984733,6685,6861.0,-0.026,12489.114988803864,18733.672483205795,6244.557494401932,6333.0,440.44250559806824,2012-07-28,7
575,2012-07-29,6576.010931491852,-0.047507107,6597,6904.0,-0.044,13152.021862983704,19728.032794475555,6576.010931491852,5983.0,20.989068508148193,2012-07-29,7
576,2012-07-30,6316.880274116993,-0.055066526,7105,6685.0,0.063,12633.760548233986,18950.64082235098,6316.880274116993,6685.0,788.119725883007,2012-07-30,7
577,2012-07-31,6369.544250965118,-0.034478664,7216,6597.0,0.094,12739.088501930237,19108.632752895355,6369.544250965118,6597.0,846.4557490348816,2012-07-31,7
578,2012-08-01,6498.677769899368,-0.0853374,7580,7105.0,0.067,12997.355539798737,19496.033309698105,6498.677769899368,7105.0,1081.3222301006317,2012-08-01,8
579,2012-08-02,6373.469190597534,-0.116758704,7261,7216.0,0.006,12746.938381195068,19120.407571792603,6373.469190597534,7216.0,887.5308094024658,2012-08-02,8
580,2012-08-03,5819.028325080872,-0.23231816,7175,7580.0,-0.053,11638.056650161743,17457.084975242615,5819.028325080872,6365.0,1355.9716749191284,2012-08-03,8
581,2012-08-04,6249.974705457687,-0.1392405,6824,7261.0,-0.06,12499.949410915375,18749.924116373062,6249.974705457687,5950.0,574.0252945423126,2012-08-04,8
582,2012-08-05,6321.947233378887,-0.11889237,5464,7175.0,-0.238,12643.894466757774,16392.0,3748.1055332422256,2042.0,857.9472333788872,2012-08-05,8
583,2012-08-06,5469.154687404633,-0.19854122,7013,6824.0,0.028,10938.309374809265,16407.464062213898,5469.154687404633,6824.0,1543.8453125953674,2012-08-06,8
584,2012-08-07,5759.787586212158,0.05413395,7273,5464.0,0.331,11519.575172424316,17279.362758636475,5759.787586212158,5464.0,1513.2124137878418,2012-08-07,8
585,2012-08-08,5629.593310177326,-0.19726318,7534,7013.0,0.074,11259.186620354652,16888.77993053198,5629.593310177326,7013.0,1904.4066898226738,2012-08-08,8
586,2012-08-09,6424.47070389986,-0.1166684,7286,7273.0,0.002,12848.94140779972,19273.41211169958,6424.47070389986,7273.0,861.5292961001396,2012-08-09,8
587,2012-08-10,5702.151041507721,-0.24314427,5786,7534.0,-0.232,11404.302083015442,17106.453124523163,5702.151041507721,2290.0,83.84895849227905,2012-08-10,8
588,2012-08-11,5826.778950333595,-0.20027739,6299,7286.0,-0.135,11653.55790066719,17480.336851000786,5826.778950333595,4325.0,472.2210496664047,2012-08-11,8
589,2012-08-12,7513.947667598724,0.29864287,6544,5786.0,0.131,15027.895335197449,19632.0,4604.104664802551,5786.0,969.9476675987244,2012-08-12,8
590,2012-08-13,7376.375319004059,0.17103916,6883,6299.0,0.093,14752.750638008118,20649.0,5896.249361991882,6299.0,493.37531900405884,2012-08-13,8
591,2012-08-14,6311.028486251831,-0.03560078,6784,6544.0,0.037,12622.056972503662,18933.085458755493,6311.028486251831,6544.0,472.97151374816895,2012-08-14,8
592,2012-08-15,6714.741801440716,-0.024445474,7347,6883.0,0.067,13429.483602881432,20144.225404322147,6714.741801440716,6883.0,632.2581985592842,2012-08-15,8
593,2012-08-16,6733.95059967041,-0.007377565,7605,6784.0,0.121,13467.90119934082,20201.85179901123,6733.95059967041,6784.0,871.0494003295898,2012-08-16,8
594,2012-08-17,6823.466097950935,-0.07125819,7148,7347.0,-0.027,13646.93219590187,20470.398293852806,6823.466097950935,6750.0,324.53390204906464,2012-08-17,8
595,2012-08-18,6924.532381296158,-0.08947635,7865,7605.0,0.034,13849.064762592316,20773.597143888474,6924.532381296158,7605.0,940.4676187038422,2012-08-18,8
596,2012-08-19,5995.232080698013,-0.1612714,4549,7148.0,-0.364,11990.464161396027,13647.0,1656.5358386039734,-649.0,1446.2320806980133,2012-08-19,8
597,2012-08-20,6155.152168273926,-0.2173996,6530,7865.0,-0.17,12310.304336547852,18465.456504821777,6155.152168273926,3860.0,374.8478317260742,2012-08-20,8
598,2012-08-21,6776.477551460266,0.48966318,7006,4549.0,0.54,13552.955102920532,20329.4326543808,6776.477551460266,4549.0,229.5224485397339,2012-08-21,8
599,2012-08-22,6772.458109855652,0.03712988,7375,6530.0,0.129,13544.916219711304,20317.374329566956,6772.458109855652,6530.0,602.5418901443481,2012-08-22,8
600,2012-08-23,6832.129245638847,-0.024817407,7765,7006.0,0.108,13664.258491277695,20496.387736916542,6832.129245638847,7006.0,932.8707543611526,2012-08-23,8
601,2012-08-24,6408.623248338699,-0.13103414,7582,7375.0,0.028,12817.246496677399,19225.869745016098,6408.623248338699,7375.0,1173.3767516613007,2012-08-24,8
602,2012-08-25,5936.962862610817,-0.23542011,6053,7765.0,-0.22,11873.925725221634,17810.88858783245,5936.962862610817,2629.0,116.03713738918304,2012-08-25,8
603,2012-08-26,6194.454469442368,-0.18300521,5255,7582.0,-0.307,12388.908938884735,15765.0,3376.091061115265,601.0,939.4544694423676,2012-08-26,8
604,2012-08-27,7330.104140639305,0.210987,6917,6053.0,0.143,14660.20828127861,20751.0,6090.79171872139,6053.0,413.1041406393051,2012-08-27,8
605,2012-08-28,6420.405361652374,0.2217708,7040,5255.0,0.34,12840.810723304749,19261.216084957123,6420.405361652374,5255.0,619.5946383476257,2012-08-28,8
606,2012-08-29,6868.678922712803,-0.006985843,7697,6917.0,0.113,13737.357845425606,20606.03676813841,6868.678922712803,6917.0,828.3210772871971,2012-08-29,8
607,2012-08-30,6932.317123413086,-0.015295863,7713,7040.0,0.096,13864.634246826172,20796.951370239258,6932.317123413086,7040.0,780.6828765869141,2012-08-30,8
608,2012-08-31,6875.771365702152,-0.10669464,7350,7697.0,-0.045,13751.542731404305,20627.314097106457,6875.771365702152,6656.0,474.22863429784775,2012-08-31,8
609,2012-09-01,6077.713800609112,-0.21201688,6140,7713.0,-0.204,12155.427601218224,18233.141401827335,6077.713800609112,2994.0,62.286199390888214,2012-09-01,9
610,2012-09-02,5629.063707590103,-0.23414099,5810,7350.0,-0.21,11258.127415180206,16887.19112277031,5629.063707590103,2730.0,180.93629240989685,2012-09-02,9
611,2012-09-03,7220.3311133384705,0.17594972,6034,6140.0,-0.017,14440.662226676941,18102.0,3661.337773323059,5822.0,1186.3311133384705,2012-09-03,9
612,2012-09-04,6975.817228555679,0.20065698,6864,5810.0,0.181,13951.634457111359,20592.0,6640.365542888641,5810.0,111.81722855567932,2012-09-04,9
613,2012-09-05,6890.914794683456,0.14201435,7112,6034.0,0.179,13781.829589366913,20672.74438405037,6890.914794683456,6034.0,221.08520531654358,2012-09-05,9
614,2012-09-06,5058.996213912964,-0.26296675,6203,6864.0,-0.096,10117.992427825928,15176.988641738892,5058.996213912964,4881.0,1144.0037860870361,2012-09-06,9
615,2012-09-07,6580.139295578003,-0.07478356,7504,7112.0,0.055,13160.278591156006,19740.41788673401,6580.139295578003,7112.0,923.8607044219971,2012-09-07,9
616,2012-09-08,6511.18792951107,0.04968372,5976,6203.0,-0.037,13022.37585902214,17928.0,4905.6241409778595,5522.0,535.1879295110703,2012-09-08,9
617,2012-09-09,6773.375560760498,-0.097364664,8227,7504.0,0.096,13546.751121520996,20320.126682281494,6773.375560760498,7504.0,1453.624439239502,2012-09-09,9
618,2012-09-10,7938.802740097046,0.32844758,7525,5976.0,0.259,15877.605480194092,22575.0,6697.394519805908,5976.0,413.8027400970459,2012-09-10,9
619,2012-09-11,7445.060123920441,-0.09504557,7767,8227.0,-0.056,14890.120247840881,22335.180371761322,7445.060123920441,6847.0,321.9398760795593,2012-09-11,9
620,2012-09-12,7166.524954140186,-0.04763788,7870,7525.0,0.046,14333.049908280373,21499.57486242056,7166.524954140186,7525.0,703.4750458598137,2012-09-12,9
621,2012-09-13,7258.391425788403,-0.06548327,7804,7767.0,0.005,14516.782851576805,21775.174277365208,7258.391425788403,7767.0,545.6085742115974,2012-09-13,9
622,2012-09-14,7346.554871201515,-0.06651145,8009,7870.0,0.018,14693.10974240303,22039.664613604546,7346.554871201515,7870.0,662.4451287984848,2012-09-14,9
623,2012-09-15,7573.063276529312,-0.029592097,8714,7804.0,0.117,15146.126553058624,22719.189829587936,7573.063276529312,7804.0,1140.9367234706879,2012-09-15,9
624,2012-09-16,7585.573435783386,-0.052868843,7333,8009.0,-0.084,15171.146871566772,21999.0,6827.8531284332275,5981.0,252.57343578338623,2012-09-16,9
625,2012-09-17,6877.163142442703,-0.21079147,6869,8714.0,-0.212,13754.326284885406,20607.0,6852.6737151145935,3179.0,8.163142442703247,2012-09-17,9
626,2012-09-18,5862.352718651295,-0.20055193,4073,7333.0,-0.445,11724.70543730259,12219.0,494.2945626974106,-2447.0,1789.3527186512947,2012-09-18,9
627,2012-09-19,7343.32460808754,0.069052905,7591,6869.0,0.105,14686.64921617508,22029.97382426262,7343.32460808754,6869.0,247.67539191246033,2012-09-19,9
628,2012-09-20,7816.217244982719,0.919032,7720,4073.0,0.895,15632.434489965439,23160.0,7527.565510034561,4073.0,96.21724498271942,2012-09-20,9
629,2012-09-21,7322.5235822200775,-0.035367727,8167,7591.0,0.076,14645.047164440155,21967.570746660233,7322.5235822200775,7591.0,844.4764177799225,2012-09-21,9
630,2012-09-22,7542.497043609619,-0.022992611,8395,7720.0,0.087,15084.994087219238,22627.491130828857,7542.497043609619,7720.0,852.5029563903809,2012-09-22,9
631,2012-09-23,7297.684011995792,-0.10644251,7907,8167.0,-0.032,14595.368023991585,21893.052035987377,7297.684011995792,7387.0,609.3159880042076,2012-09-23,9
632,2012-09-24,7783.681538701057,-0.07281935,7436,8395.0,-0.114,15567.363077402115,22308.0,6740.636922597885,5518.0,347.68153870105743,2012-09-24,9
633,2012-09-25,7887.798071563244,-0.002428472,7538,7907.0,-0.047,15775.596143126488,22614.0,6838.403856873512,6800.0,349.79807156324387,2012-09-25,9
634,2012-09-26,7653.239918708801,0.029214561,7733,7436.0,0.04,15306.479837417603,22959.719756126404,7653.239918708801,7436.0,79.76008129119873,2012-09-26,9
635,2012-09-27,6823.008540868759,-0.09485161,7393,7538.0,-0.019,13646.017081737518,20469.025622606277,6823.008540868759,7103.0,569.9914591312408,2012-09-27,9
636,2012-09-28,6514.918150246143,-0.15751737,7415,7733.0,-0.041,13029.836300492287,19544.75445073843,6514.918150246143,6779.0,900.0818497538567,2012-09-28,9
637,2012-09-29,7496.2688817977905,0.013968527,8555,7393.0,0.157,14992.537763595581,22488.80664539337,7496.2688817977905,7393.0,1058.7311182022095,2012-09-29,9
638,2012-09-30,7507.305992841721,0.0124485195,6889,7415.0,-0.071,15014.611985683441,20667.0,5652.388014316559,5837.0,618.3059928417206,2012-09-30,9
639,2012-10-01,7210.6941840052605,-0.15713686,6778,8555.0,-0.208,14421.388368010521,20334.0,5912.611631989479,3224.0,432.69418400526047,2012-10-01,10
640,2012-10-02,6244.781059086323,-0.093514144,4639,6889.0,-0.327,12489.562118172646,13917.0,1427.4378818273544,139.0,1605.7810590863228,2012-10-02,10
641,2012-10-03,7212.507151603699,0.06410545,7572,6778.0,0.117,14425.014303207397,21637.521454811096,7212.507151603699,6778.0,359.49284839630127,2012-10-03,10
642,2012-10-04,6723.516950964928,0.44934618,7328,4639.0,0.58,13447.033901929855,20170.550852894783,6723.516950964928,4639.0,604.4830490350723,2012-10-04,10
643,2012-10-05,7418.806290149689,-0.020231605,8156,7572.0,0.077,14837.612580299377,22256.418870449066,7418.806290149689,7572.0,737.1937098503113,2012-10-05,10
644,2012-10-06,7099.462989807129,-0.03118682,7965,7328.0,0.087,14198.925979614258,21298.388969421387,7099.462989807129,7328.0,865.5370101928711,2012-10-06,10
645,2012-10-07,4875.102253198624,-0.402268,3510,8156.0,-0.57,9750.204506397247,10530.0,779.7954936027527,-5782.0,1365.1022531986237,2012-10-07,10
646,2012-10-08,5538.306013047695,-0.30466968,5478,7965.0,-0.312,11076.61202609539,16434.0,5357.38797390461,504.0,60.30601304769516,2012-10-08,10
647,2012-10-09,6545.287660360336,0.8647543,6392,3510.0,0.821,13090.575320720673,19176.0,6085.424679279327,3510.0,153.2876603603363,2012-10-09,10
648,2012-10-10,7239.435944080353,0.3215472,7691,5478.0,0.404,14478.871888160706,21718.30783224106,7239.435944080353,5478.0,451.5640559196472,2012-10-10,10
649,2012-10-11,7314.556756019592,0.14432988,7570,6392.0,0.184,14629.113512039185,21943.670268058777,7314.556756019592,6392.0,255.44324398040771,2012-10-11,10
650,2012-10-12,7495.141261100769,-0.025465965,7282,7691.0,-0.053,14990.282522201538,21846.0,6855.717477798462,6464.0,213.14126110076904,2012-10-12,10
651,2012-10-13,6635.780987739563,-0.1234107,7109,7570.0,-0.061,13271.561975479126,19907.34296321869,6635.780987739563,6187.0,473.219012260437,2012-10-13,10
652,2012-10-14,7866.261753320694,0.08023366,6639,7282.0,-0.088,15732.523506641388,19917.0,4184.476493358612,5353.0,1227.261753320694,2012-10-14,10
653,2012-10-15,6451.288042187691,-0.09251821,5875,7109.0,-0.174,12902.576084375381,17625.0,4722.4239156246185,3407.0,576.2880421876907,2012-10-15,10
654,2012-10-16,7381.226449370384,0.11179793,7534,6639.0,0.135,14762.452898740768,22143.679348111153,7381.226449370384,6639.0,152.77355062961578,2012-10-16,10
655,2012-10-17,7045.058578252792,0.19915888,7461,5875.0,0.27,14090.117156505585,21135.175734758377,7045.058578252792,5875.0,415.94142174720764,2012-10-17,10
656,2012-10-18,6884.160113692284,-0.0862543,7509,7534.0,-0.003,13768.320227384567,20652.48034107685,6884.160113692284,7459.0,624.8398863077164,2012-10-18,10
657,2012-10-19,6319.858366370201,-0.15294755,5424,7461.0,-0.273,12639.716732740402,16272.0,3632.283267259598,1350.0,895.8583663702011,2012-10-19,10
658,2012-10-20,7077.704651892185,-0.057437122,8090,7509.0,0.077,14155.40930378437,21233.113955676556,7077.704651892185,7509.0,1012.2953481078148,2012-10-20,10
659,2012-10-21,6958.719097137451,0.28294966,6824,5424.0,0.258,13917.438194274902,20472.0,6554.561805725098,5424.0,134.71909713745117,2012-10-21,10
660,2012-10-22,7689.198871850967,-0.049542785,7058,8090.0,-0.128,15378.397743701935,21174.0,5795.602256298065,4994.0,631.1988718509674,2012-10-22,10
661,2012-10-23,7075.78311920166,0.036896706,7466,6824.0,0.094,14151.56623840332,21227.34935760498,7075.78311920166,6824.0,390.21688079833984,2012-10-23,10
662,2012-10-24,7170.835677146912,0.01598692,7693,7058.0,0.09,14341.671354293823,21512.507031440735,7170.835677146912,7058.0,522.1643228530884,2012-10-24,10
663,2012-10-25,5574.892822265625,-0.2532959,7359,7466.0,-0.014,11149.78564453125,16724.678466796875,5574.892822265625,7145.0,1784.107177734375,2012-10-25,10
664,2012-10-26,6151.431513249874,-0.20038587,7444,7693.0,-0.032,12302.863026499748,18454.294539749622,6151.431513249874,6946.0,1292.5684867501259,2012-10-26,10
665,2012-10-27,6277.83176279068,-0.14691782,7852,7359.0,0.067,12555.66352558136,18833.49528837204,6277.83176279068,7359.0,1574.16823720932,2012-10-27,10
666,2012-10-28,6215.260203838348,-0.16506445,4459,7444.0,-0.401,12430.520407676697,13377.0,946.4795923233032,-1511.0,1756.2602038383484,2012-10-28,10
668,2012-10-30,4221.802284479141,-0.46232778,1096,7852.0,-0.86,8443.604568958282,3288.0,-5155.6045689582825,-12416.0,3125.8022844791412,2012-10-30,10
669,2012-10-31,6635.137271642685,0.48803264,5566,4459.0,0.248,13270.27454328537,16698.0,3427.72545671463,4459.0,1069.137271642685,2012-10-31,10
670,2012-11-01,4513.8135414123535,3.118443,5986,1096.0,4.462,9027.627082824707,13541.44062423706,4513.8135414123535,1096.0,1472.1864585876465,2012-11-01,11
671,2012-11-02,7337.522490978241,0.31827575,5847,5566.0,0.05,14675.044981956482,17541.0,2865.955018043518,5566.0,1490.522490978241,2012-11-02,11
672,2012-11-03,6553.070309638977,0.09473276,5138,5986.0,-0.142,13106.140619277954,15414.0,2307.859380722046,3442.0,1415.070309638977,2012-11-03,11
673,2012-11-04,6442.785493254662,0.10189593,5107,5847.0,-0.127,12885.570986509323,15321.0,2435.429013490677,3627.0,1335.7854932546616,2012-11-04,11
674,2012-11-05,6457.610796928406,0.2568336,5259,5138.0,0.024,12915.221593856812,15777.0,2861.7784061431885,5138.0,1198.6107969284058,2012-11-05,11
675,2012-11-06,5802.229786396027,0.13613269,5686,5107.0,0.113,11604.459572792053,17058.0,5453.540427207947,5107.0,116.22978639602661,2012-11-06,11
676,2012-11-07,6174.992093682289,0.17417607,5035,5259.0,-0.043,12349.984187364578,15105.0,2755.0158126354218,4587.0,1139.9920936822891,2012-11-07,11
677,2012-11-08,7277.733469247818,0.27993906,5315,5686.0,-0.065,14555.466938495636,15945.0,1389.533061504364,4573.0,1962.733469247818,2012-11-08,11
678,2012-11-09,6611.34495973587,0.3130775,5992,5035.0,0.19,13222.68991947174,17976.0,4753.310080528259,5035.0,619.3449597358704,2012-11-09,11
679,2012-11-10,6184.87343788147,0.16366383,6536,5315.0,0.23,12369.74687576294,18554.62031364441,6184.87343788147,5315.0,351.1265621185303,2012-11-10,11
680,2012-11-11,6578.699856758118,0.09791389,6852,5992.0,0.144,13157.399713516235,19736.099570274353,6578.699856758118,5992.0,273.3001432418823,2012-11-11,11
681,2012-11-12,6435.029703140259,-0.015448332,6269,6536.0,-0.041,12870.059406280518,18807.0,5936.940593719482,5735.0,166.0297031402588,2012-11-12,11
682,2012-11-13,4643.100389242172,-0.32237297,4094,6852.0,-0.403,9286.200778484344,12282.0,2995.7992215156555,-1422.0,549.1003892421722,2012-11-13,11
683,2012-11-14,5639.207710385323,-0.100461364,5495,6269.0,-0.123,11278.415420770645,16485.0,5206.584579229355,3947.0,144.20771038532257,2012-11-14,11
684,2012-11-15,5936.988335609436,0.4501681,5445,4094.0,0.33,11873.976671218872,16335.0,4461.023328781128,4094.0,491.98833560943604,2012-11-15,11
685,2012-11-16,7266.260983943939,0.3223405,5698,5495.0,0.037,14532.521967887878,17094.0,2561.4780321121216,5495.0,1568.2609839439392,2012-11-16,11
686,2012-11-17,6230.908141136169,0.14433578,5629,5445.0,0.034,12461.816282272339,16887.0,4425.183717727661,5445.0,601.9081411361694,2012-11-17,11
687,2012-11-18,6181.3901290893555,0.08483499,4669,5698.0,-0.181,12362.780258178711,14007.0,1644.219741821289,2611.0,1512.3901290893555,2012-11-18,11
688,2012-11-19,6232.320913553238,0.10718089,5499,5629.0,-0.023,12464.641827106476,16497.0,4032.358172893524,5239.0,733.3209135532379,2012-11-19,11
689,2012-11-20,5382.87275493145,0.15289626,5634,4669.0,0.207,10765.7455098629,16148.61826479435,5382.87275493145,4669.0,251.1272450685501,2012-11-20,11
690,2012-11-21,6022.1255868673325,0.09513101,5146,5499.0,-0.064,12044.251173734665,15438.0,3393.748826265335,4440.0,876.1255868673325,2012-11-21,11
691,2012-11-22,5248.867646813393,-0.0683586,2425,5634.0,-0.57,10497.735293626785,7275.0,-3222.7352936267853,-3993.0,2823.8676468133926,2012-11-22,11
692,2012-11-23,6516.5783677101135,0.26633865,3910,5146.0,-0.24,13033.156735420227,11730.0,-1303.156735420227,1438.0,2606.5783677101135,2012-11-23,11
693,2012-11-24,4229.618489742279,0.7441725,2277,2425.0,-0.061,8459.236979484558,6831.0,-1628.236979484558,1981.0,1952.618489742279,2012-11-24,11
694,2012-11-25,4222.661267518997,0.07996455,2424,3910.0,-0.38,8445.322535037994,7272.0,-1173.3225350379944,-548.0,1798.6612675189972,2012-11-25,11
695,2012-11-26,4515.800854682922,0.98322386,5087,2277.0,1.234,9031.601709365845,13547.402564048767,4515.800854682922,2277.0,571.1991453170776,2012-11-26,11
696,2012-11-27,3682.3560733795166,0.51912373,3959,2424.0,0.633,7364.712146759033,11047.06822013855,3682.3560733795166,2424.0,276.6439266204834,2012-11-27,11
697,2012-11-28,5048.84450429678,-0.007500589,5260,5087.0,0.034,10097.68900859356,15146.533512890339,5048.84450429678,5087.0,211.15549570322037,2012-11-28,11
698,2012-11-29,4701.548946738243,0.18755972,5323,3959.0,0.345,9403.097893476486,14104.64684021473,4701.548946738243,3959.0,621.4510532617569,2012-11-29,11
699,2012-11-30,4976.729900836945,-0.05385363,5668,5260.0,0.078,9953.45980167389,14930.189702510834,4976.729900836945,5260.0,691.2700991630554,2012-11-30,11
700,2012-12-01,3975.8782656788826,-0.25307566,5191,5323.0,-0.025,7951.756531357765,11927.634797036648,3975.8782656788826,4927.0,1215.1217343211174,2012-12-01,12
701,2012-12-02,4486.678939580917,-0.20841938,4649,5668.0,-0.18,8973.357879161835,13460.036818742752,4486.678939580917,2611.0,162.32106041908264,2012-12-02,12
702,2012-12-03,5482.030130624771,0.056064427,6234,5191.0,0.201,10964.060261249542,16446.090391874313,5482.030130624771,5191.0,751.9698693752289,2012-12-03,12
703,2012-12-04,5459.538848876953,0.1743469,6606,4649.0,0.421,10919.077697753906,16378.61654663086,5459.538848876953,4649.0,1146.4611511230469,2012-12-04,12
704,2012-12-05,5984.91185939312,-0.03995639,5729,6234.0,-0.081,11969.82371878624,17187.0,5217.17628121376,4719.0,255.9118593931198,2012-12-05,12
705,2012-12-06,5025.688902139664,-0.2392236,5375,6606.0,-0.186,10051.377804279327,15077.066706418991,5025.688902139664,2913.0,349.3110978603363,2012-12-06,12
706,2012-12-07,5537.431836485863,-0.033438325,5008,5729.0,-0.126,11074.863672971725,15024.0,3949.1363270282745,3566.0,529.4318364858627,2012-12-07,12
707,2012-12-08,4098.1225073337555,-0.2375586,5582,5375.0,0.039,8196.245014667511,12294.367522001266,4098.1225073337555,5375.0,1483.8774926662445,2012-12-08,12
708,2012-12-09,3499.1024894714355,-0.30129743,3228,5008.0,-0.355,6998.204978942871,9684.0,2685.795021057129,-332.0,271.10248947143555,2012-12-09,12
709,2012-12-10,3806.168637394905,-0.31813532,5170,5582.0,-0.074,7612.33727478981,11418.505912184715,3806.168637394905,4346.0,1363.831362605095,2012-12-10,12
710,2012-12-11,4229.575647354126,0.3102774,5501,3228.0,0.704,8459.151294708252,12688.726942062378,4229.575647354126,3228.0,1271.424352645874,2012-12-11,12
711,2012-12-12,4314.962282776833,-0.16538447,5319,5170.0,0.029,8629.924565553665,12944.886848330498,4314.962282776833,5170.0,1004.0377172231674,2012-12-12,12
712,2012-12-13,4982.551278233528,-0.09424627,5532,5501.0,0.006,9965.102556467056,14947.653834700584,4982.551278233528,5501.0,549.4487217664719,2012-12-13,12
713,2012-12-14,4942.321240067482,-0.07081759,5611,5319.0,0.055,9884.642480134964,14826.963720202446,4942.321240067482,5319.0,668.678759932518,2012-12-14,12
714,2012-12-15,5112.124066829681,-0.07589948,5047,5532.0,-0.088,10224.248133659363,15141.0,4916.751866340637,4077.0,65.1240668296814,2012-12-15,12
715,2012-12-16,4898.367359220982,-0.12700635,3786,5611.0,-0.325,9796.734718441963,11358.0,1561.2652815580368,136.0,1112.3673592209816,2012-12-16,12
716,2012-12-17,3452.905553460121,-0.3158499,4585,5047.0,-0.092,6905.811106920242,10358.716660380363,3452.905553460121,3661.0,1132.0944465398788,2012-12-17,12
717,2012-12-18,5162.2854652404785,0.3635196,5557,3786.0,0.468,10324.570930480957,15486.856395721436,5162.2854652404785,3786.0,394.7145347595215,2012-12-18,12
718,2012-12-19,4886.348435878754,0.06572488,5267,4585.0,0.149,9772.696871757507,14659.045307636261,4886.348435878754,4585.0,380.65156412124634,2012-12-19,12
719,2012-12-20,4546.298486053944,-0.18187898,4128,5557.0,-0.257,9092.596972107887,12384.0,3291.4030278921127,1270.0,418.29848605394363,2012-12-20,12
720,2012-12-21,4847.91707777977,-0.07956767,3623,5267.0,-0.312,9695.83415555954,10869.0,1173.1658444404602,335.0,1224.91707777977,2012-12-21,12
721,2012-12-22,4086.5064697265625,-0.010051727,1749,4128.0,-0.576,8173.012939453125,5247.0,-2926.012939453125,-3009.0,2337.5064697265625,2012-12-22,12
722,2012-12-23,3769.158105492592,0.040341765,1787,3623.0,-0.507,7538.316210985184,5361.0,-2177.3162109851837,-1885.0,1982.1581054925919,2012-12-23,12
723,2012-12-24,3209.87042427063,0.8352604,920,1749.0,-0.474,6419.74084854126,2760.0,-3659.7408485412598,-738.0,2289.87042427063,2012-12-24,12
724,2012-12-25,4048.628417491913,1.2656008,1013,1787.0,-0.433,8097.256834983826,3039.0,-5058.256834983826,-535.0,3035.628417491913,2012-12-25,12
725,2012-12-26,2017.917823791504,1.1933889,441,920.0,-0.521,4035.835647583008,1323.0,-2712.835647583008,-517.0,1576.917823791504,2012-12-26,12
726,2012-12-27,2601.507977962494,1.5681224,2114,1013.0,1.087,5203.015955924988,6342.0,1138.9840440750122,1013.0,487.5079779624939,2012-12-27,12
727,2012-12-28,1190.1565389633179,1.6987677,3095,441.0,6.018,2380.3130779266357,3570.4696168899536,1190.1565389633179,441.0,1904.8434610366821,2012-12-28,12
728,2012-12-29,2774.565778017044,0.31247196,1341,2114.0,-0.366,5549.131556034088,4023.0,-1526.1315560340881,-205.0,1433.565778017044,2012-12-29,12
729,2012-12-30,3076.0146138072014,-0.006134212,1796,3095.0,-0.42,6152.029227614403,5388.0,-764.0292276144028,-802.0,1280.0146138072014,2012-12-30,12
730,2012-12-31,1940.5952081680298,0.44712543,2729,1341.0,1.035,3881.1904163360596,5821.785624504089,1940.5952081680298,1341.0,788.4047918319702,2012-12-31,12
