holiday,workingday,temp,hum,cnt_lag2,temp_inc,cnt_avg_aheadWeek,cnt_avg_ahead3days,cnt_avg_aheadMonth,cnt_median_LastWeek,cnt_inc_ratio_lag2,cnt_inc_ratio_weekly_max,cnt_inc_ratio_weekly_min,cnt_inc_ratio_monthly_avg,cnt_inc_ratio_weekly_avg,cnt_lastWeekday,season_1,season_2,season_3,season_4,weathersit_1,weathersit_2,weathersit_3,weathersit_4,weekday_0,weekday_1,weekday_2,weekday_3,weekday_4,weekday_5,weekday_6
0,0,-1.7365364627224469,-0.7357743024512197,-1.3432241843225006,-1.0331201667621253,-1.7495096703073998,-1.6670951769351028,-1.6997745612305897,-1.6753294084832022,-0.13941936125308588,0.8256944736987614,0.3041554073143294,0.7250790177030965,0.9712616902163623,-1.788059111025161,1,0,0,0,0,1,0,0,0,0,0,0,0,0,1
0,0,-1.8784368177745665,-1.4202203439365966,-1.4135559292831414,-1.044854023131816,-1.7267641159337908,-1.5519320029857968,-1.6771447963705925,-1.631610890687875,-0.26508326389001363,0.5085551549488909,0.1918615236926073,0.3513722350568048,0.5359589272916471,-1.9223565643209388,1,0,0,0,1,0,0,0,1,0,0,0,0,0,0
0,1,-1.8119218577808853,-1.0920207047021218,-1.8172308404634867,0.4336118794492325,-1.7298307652583482,-1.6152798701793503,-1.7167524299771524,-1.631610890687875,-0.8639502998941224,-1.191113381476196,-0.4519567424052664,-1.1395621165424628,-1.3140778151383927,-1.5223837142878611,1,0,0,0,1,0,0,0,0,1,0,0,0,0,0
0,1,-1.7147674466157146,0.2776455928022114,-1.917600101501068,0.6154866531794408,-1.7273536656423891,-1.7354783874183999,-1.7600633699324573,-1.631610890687875,-0.4280536376222793,-1.6123140391908675,-0.7701227460001459,-1.4470916564284737,-1.7811214045263686,-1.366919814548727,1,0,0,0,0,1,0,0,0,0,1,0,0,0,0
0,1,-1.6954195750527528,-0.306845986248002,-1.5520215521744032,0.034660762879743255,-1.7306564651303344,-1.780796477026096,-1.7537197737423493,-1.631610890687875,1.0445702214042176,-0.07121516214071591,-0.06828597336438239,0.09055604300158046,-0.08525439063216536,-1.3391844709332945,1,0,0,0,1,0,0,0,0,0,0,1,0,0,0
0,1,-1.7365364627224469,-1.1761744583519869,-1.594513648088124,-0.3584234255049006,-1.7659254094623609,-1.8365101140706825,-1.7528613098704686,-1.783221897354239,-0.2336672882307817,-0.25456133079298476,-0.13472652117390127,-0.09629734832156533,-0.13966723599775477,-1.3348052061519105,1,0,0,0,1,0,0,0,0,0,0,0,1,0,0
0,1,-1.758513005504359,-0.722356827969285,-1.6685085047654646,-0.24108486180799196,-1.817591101852293,-1.893035903258776,-1.7590595011751,-1.8297480263841286,-0.3043532334640536,-0.5617900458319219,-0.2488919695226522,-0.3882557722639806,-0.2893025607531256,-1.4048734426540554,1,0,0,0,1,0,0,0,0,0,0,0,0,1,0
0,0,-1.37292312182259,-0.9854281941790561,-1.4897486529905024,2.5457060259935878,-1.841182172894816,-1.8204295016292418,-1.74888526667439,-1.8297480263841286,0.2650613253595253,0.4639574382496904,0.028099610077595788,0.33190834012731046,0.7309382898516759,-1.8070359250778252,1,0,0,0,0,1,0,0,0,0,0,0,0,0,1
0,0,-1.3817882356905473,-1.0864126985588947,-1.4787593178404024,-0.13548015448077422,-1.8516801210672507,-1.7231336748370922,-1.739285258246832,-1.8297480263841286,-0.12567487190217191,0.8603815866870285,0.04587947498436848,0.3396938980991082,0.8442983843633204,-1.9070291375860946,1,0,0,0,1,0,0,0,1,0,0,0,0,0,0
1,0,-1.6788919377935232,-0.7245515578644739,-1.605502983238224,-1.5083413497346048,-1.817591101852293,-1.7349910961322959,-1.7404386393723064,-1.8297480263841286,-0.3868201695695374,0.20132643990995397,-0.1515706037171596,-0.18972404398313825,0.028105703879479246,-1.5428202832676534,1,0,0,0,0,1,0,0,0,1,0,0,0,0,0
0,1,-1.461606187682965,1.4578380308887984,-1.6377383663451843,1.2667156816972835,-1.772531008438252,-1.7445744914256796,-1.7437073740576776,-1.8297480263841286,-0.21599580192246376,0.047712082390485466,-0.602617702931077,-0.31040019254600326,-0.32104338721638614,-1.585153176154366,1,0,0,0,0,1,0,0,0,0,1,0,0,0,0
0,1,-1.059818580943534,0.6504467214711146,-1.7871933243865463,1.9472793511393536,-1.8103951274679315,-1.7708882208753092,-1.7564504282018052,-1.8417806459608241,-0.4791045980685313,-0.6608960829412562,-0.7663796165460884,-0.9021025984026316,-0.9105158786769381,-1.658870799974331,1,0,0,0,0,1,0,0,0,0,0,1,0,0,0
0,1,-1.2221523317057128,-0.718943551721247,-2.019434607225329,-0.704572188410781,-1.8788109674609794,-1.888325420826435,-1.7822437761915753,-1.8770763300524644,-0.7697023729164266,-1.7659283967103363,-0.932948877251643,-1.8363695550183607,-1.8854126914770815,-1.4807806988647125,1,0,0,0,0,1,0,0,0,0,0,0,1,0,0
0,1,-1.6700215027287657,-1.2659429504453714,-1.3109888012155402,-1.9835625327070847,-1.8212473008854486,-1.85112885265381,-1.7635128338540138,-1.8417806459608241,2.6330404906741327,1.6036768650070374,0.6887619587187278,1.1610702641237698,1.524458951433188,-1.4698325369112524,1,0,0,0,1,0,0,0,0,0,0,0,0,1,0
0,0,-2.299889439406209,-1.6502428480129925,-1.1080524121103577,-4.007652756478758,-1.7597921108132462,-1.7408385915655467,-1.7352771766861563,-1.8417806459608241,0.1825943892540415,1.6383639779953045,1.06775381594204,1.8695560395573643,2.1411378655765345,-1.5961013381078262,1,0,0,0,1,0,0,0,0,0,0,0,0,0,1
0,0,-2.1009229735172705,-1.404365776748962,-1.3893793919529212,3.6134869556354556,-1.7454009877443954,-1.685774676235766,-1.7247521631679408,-1.8417806459608241,-0.5380095524295911,-0.18023180296098398,0.5418441276469746,0.647223437985119,0.7354726936321416,-1.6282159465046426,1,0,0,0,1,0,0,0,1,0,0,0,0,0,0
0,1,-2.09629566078043,-1.0326283515261925,-1.8011131489100065,-0.041609303523247335,-1.776895657961572,-1.6888608543810928,-1.73616932191569,-1.8770763300524644,-0.8619868014154205,-1.6271799447572677,-0.22830475752533644,-1.0188859679795976,-1.0918920298955694,-1.7771109490717008,1,0,0,0,1,0,0,0,0,1,0,0,0,0,0
0,1,-1.4253635162816078,-0.18962317356388572,-1.7974500371933064,7.503260342187975,-1.802610429074844,-1.6396444344845629,-1.7464158481108745,-2.040719956295524,-0.13745586277438387,-1.6123140391908675,-0.22081849861722164,-0.9760653991347101,-0.9876007429448563,-2.008482105021492,1,0,0,0,0,1,0,0,0,0,1,0,0,0,0
0,1,-1.457173630748986,1.463446037032026,-1.4824224295571025,-0.2528187181776828,-1.7535399113825652,-1.677653154800695,-1.7410892646225737,-1.7070153067018339,0.7088119815461765,-0.5072817254217878,0.3677886080333053,0.33190834012731046,0.33644516095115257,-1.302690597755094,1,0,0,0,0,0,0,1,0,0,0,1,0,0,0
0,1,-1.576900558737612,0.2852934859339106,-1.0655603161966372,-0.6987052602259355,-1.5999597351930979,-1.6682321899360129,-1.7174917768524565,-1.6051391276191447,0.6420530332703087,0.9545323219408962,0.3209994898575877,1.943518840289443,1.4519084909457356,-1.1005145403478631,1,0,0,0,1,0,0,0,0,0,0,0,1,0,0
0,1,-1.5317874522714978,0.9958406556513301,-2.149108761996511,0.15786625476149727,-1.7349030395719605,-1.8366725444993837,-1.7424398049147953,-1.7070153067018339,-1.610079721800881,-2.885826616045816,-1.0892245319585396,-2.4631069717480787,-2.8376374853748967,-1.380787486356443,1,0,0,0,0,1,0,0,0,0,0,0,0,1,0
0,0,-1.5688016972087813,0.04453969519208425,-2.2040554377470114,-0.29388721547160085,-1.9113666620136585,-1.926009280285164,-1.7678224046405078,-2.051950401233773,-0.4378711300157893,-3.074128086553552,-0.7748016578177176,-2.6616387000289214,-2.8149654664725676,-1.790978620879417,1,0,0,0,1,0,0,0,0,0,0,0,0,0,1
0,0,-1.4623777612188915,0.518729266258345,-1.6648453930487648,0.5040150176673777,-1.955718304937535,-1.8966093726902074,-1.7697972822940973,-2.051950401233773,3.2063820464551154,-1.2357110981753963,0.9620104088649184,-0.33375686646139646,0.3999268138776736,-1.787329233561597,1,0,0,0,1,0,0,0,1,0,0,0,0,0,0
0,1,-1.6522859537960508,-0.27853666352018724,-1.7153963347392254,-1.0624548076863523,-1.9419175572771548,-1.9482622490172583,-1.773591774757463,-1.9621068417277796,-0.2631197654113116,-1.409146663116732,0.8122852307026223,-0.5361813737281378,0.03717451144041082,-1.4734819242290724,1,0,0,0,0,1,0,0,0,1,0,0,0,0,0
0,1,-1.5919382608929835,1.2417177269153603,-1.7168615794259054,0.2752048184584059,-1.9289425094887607,-2.0926629001328196,-1.7771874650610244,-1.9621068417277796,-0.15120035212529787,-1.4141019649721986,0.8076063188850504,-0.5322885947422389,-0.03991035282750751,-1.0581816474611505,1,0,0,0,0,1,0,0,0,0,1,0,0,0,0
0,1,-1.2310227667704698,0.8771771307047278,-1.4201495303732017,1.9766139920635806,-1.91891603594323,-1.9310446235749081,-1.7698186412038286,-1.9621068417277796,0.5792210819518447,-0.40322038645698655,1.687241740588541,0.7211862387171976,1.56526858545738,-2.137670416072322,1,0,0,0,0,1,0,0,0,0,0,1,0,0,0
0,1,-1.6196989445959464,-1.3955868571682077,-1.5234492807841429,-1.7430184771284223,-1.9926394747134064,-1.7801467553112902,-1.7598809977032155,-1.9621068417277796,-0.33184221216588156,0.34007489186302226,1.3803051253558334,0.23458886547983868,1.4745805098480644,-2.1924112258396224,1,0,0,0,1,0,0,0,0,0,0,0,1,0,0
0,1,-1.4901437661186538,-0.4033063848316238,-1.4018339717897013,0.6682890068430497,-1.8723226178669103,-1.721834231407481,-1.7406686584001785,-1.9067567916749801,0.09227345923374966,0.8901133978198289,1.741517117672373,0.6666873329146134,1.3657548191168856,-1.655221412656511,1,0,0,0,0,1,0,0,0,0,0,0,0,1,0
0,0,-1.37292312182259,1.9122683005980712,-1.3842510355495412,0.5157488740370685,-1.740328713430783,-1.6484156776344396,-1.7353420749118778,-1.7519370864548305,-0.11585737950866193,0.8851580959643621,-0.2488919695226522,0.7172934597312987,0.7354726936321416,-1.7055829576424277,1,0,0,0,0,1,0,0,0,0,0,0,0,0,1
0,0,-1.0935602898491286,-0.51697454296157,-1.2684967053018197,1.2256471844033656,-1.6765144988243155,-1.5490082552691715,-1.731472826264454,-1.6388304624338923,0.053003489659709725,1.3113140555345004,-0.11413930917658553,1.1805341590532643,0.9531240750944993,-1.7070427125695558,1,0,0,0,1,0,0,0,1,0,0,0,0,0,0
0,1,-1.1689403637107678,0.6275165066765992,-1.7835302126698462,-0.38775806642912775,-1.6874839216236543,-1.6295737479050751,-1.7472406306251023,-1.6388304624338923,-0.9562347283931163,-1.2357110981753963,-0.7139758041892847,-0.9137809353603282,-1.2823369886751326,-1.4114423398261315,1,0,0,0,1,0,0,0,0,1,0,0,0,0,0
0,1,-1.4394380818162709,-0.7217441886427144,-1.3307696044857205,-1.1915272277529516,-1.6253211067611597,-1.5868545451566018,-1.7467904505276952,-1.618776096472733,1.0602782092338336,0.5581081735035581,-0.06079971445626756,0.9936807677301183,0.45887406302372874,-1.514355062188657,1,0,0,0,1,0,0,0,0,0,1,0,0,0,0
0,1,-1.897327066412772,-1.0121352294373778,-1.2655662159284595,-2.382513649276574,-1.600432035519874,-1.5566424854181382,-1.7414367576539667,-1.59952390515002,-0.03928093883928408,0.8157838699878279,0.021549133532995323,1.242818622827646,0.6266470029009628,-1.3931954032370313,1,0,0,0,0,1,0,0,0,0,0,1,0,0,0
0,1,-1.8464298190256072,-1.3985154077952235,-1.3989034824163413,0.32214024393716933,-1.5803790884288127,-1.5598910939921666,-1.7263056131026073,-1.59952390515002,-0.3554041939103055,0.28061126959742155,-0.14782747426310222,0.616081206097928,0.0008992811966845456,-1.375678344111495,1,0,0,0,1,0,0,0,0,0,0,0,1,0,0
0,1,-1.608343510625825,-0.9341684597558501,-1.3439568066658407,1.7243360801152272,-1.5710602396735742,-1.5766214281484126,-1.7055562537954665,-1.5554043000354698,-0.051061929711496055,0.4986445512379575,-0.07764379699952591,0.7484356916184897,0.1913442399762475,-1.2603577048683814,1,0,0,0,1,0,0,0,0,0,0,0,0,1,0
0,0,-1.4305676467515136,-0.6796673118177818,-1.3930425036696212,0.9440346315307849,-1.572476314954031,-1.4900460096505566,-1.6998057780986582,-1.5554043000354698,-0.22974029127337772,0.3004324770192885,-0.1403412153549874,0.526547289422254,-0.0036351225837812384,-1.7734615617538807,1,0,0,0,1,0,0,0,0,0,0,0,0,0,1
0,0,-0.9302580812694423,-1.2638694019554388,-1.2406570562548993,2.3872989650027607,-1.567993590349017,-1.470067066920282,-1.6870060406940908,-1.5554043000354698,0.11779893945687564,0.9049793033862289,0.053365733892483294,1.0793219054198935,0.5949061764377024,-1.3223972892713223,1,0,0,0,1,0,0,0,1,0,0,0,0,0,0
0,1,-0.4062372628488235,-1.8129423491694965,-1.4413955783300618,1.7302030083000728,-1.5129078490893173,-1.5090503698086224,-1.6787910754129358,-1.5554043000354698,-0.4555426163241073,0.02789087496861855,-0.671865597831139,0.24626720243753533,-0.39359384770383865,-1.2574381950141253,1,0,0,0,1,0,0,0,0,1,0,0,0,0,0
0,1,-1.198632641851947,-2.226877832622454,-1.3556787641592807,-2.2006388755463657,-1.5169182733675552,-1.4994669745152387,-1.6739417814074702,-1.5682390942506117,0.007843024649563829,0.3598960992848892,-0.56237906129996,0.5654750792812426,-0.04897916038843908,-1.3902758933827752,1,0,0,0,1,0,0,0,0,0,1,0,0,0,0
0,1,-0.9210045200351211,-1.4921819017576698,-1.1183091249171178,1.0555062670428483,-1.4932091272433383,-1.4494384024752018,-1.6609038100097493,-1.5682390942506117,0.2532803344873133,1.2815822444017,-0.3555711589632882,1.4374575721225897,0.7717479238758678,-1.3355350836154745,1,0,0,0,1,0,0,0,0,0,0,1,0,0,0
0,1,-0.29538076992495477,-0.9433513173541236,-1.1901061145644387,2.0704848430211076,-1.4595907569554125,-1.4044451737249088,-1.645878638510517,-1.5554043000354698,-0.2474117775816957,0.5531528716480915,-0.4182685773187498,1.0910002423775902,0.37725479497534464,-1.3844368736742632,1,0,0,0,1,0,0,0,0,0,0,0,1,0,0
0,1,0.1613588361628557,-0.8648055698474854,-0.970319411562436,1.0613731952276937,-1.3994327413821006,-1.3445083455340854,-1.6217373200387872,-1.4422976760145314,0.17670389381793553,1.3311352629563673,-0.22736897516182208,1.8111643547688812,0.9531240750944993,-1.232622361252949,1,0,0,0,1,0,0,0,0,0,0,0,0,1,0
0,0,-0.49048777177521974,-3.078049290838944,-0.7065753679600326,-1.4731397806255322,-1.2889070336176192,-1.1815906255465625,-1.5826496937345245,-1.386947625961732,0.1865213862114455,1.648274581706238,0.0009619215356796783,2.5819345939768574,1.4292364720434065,-1.4326087862694878,1,0,0,0,1,0,0,0,0,0,0,0,0,0,1
0,0,-1.0968381470776174,-1.5975558659278848,-0.3754300687703484,-1.7664861898678037,-1.1495999054153085,-0.9642587119440643,-1.5231840245538288,-1.3083345113939875,0.21204686643457143,1.7126935058273052,0.28824710713458546,3.414989296959216,1.9370896954555743,-1.3472131230324986,1,0,0,0,1,0,0,0,1,0,0,0,0,0,0
1,0,-1.000439345857975,-0.27012128815520087,-1.3219781363656404,0.28107174664325135,-1.1303726581962334,-1.0094143711230588,-1.5235816288734365,-1.3083345113939875,-1.0131761842754743,-1.3794148519839315,-0.6091681794756774,0.13337661184646804,-0.9694631278229933,-1.1107328248377593,1,0,0,0,0,1,0,0,0,1,0,0,0,0,0
0,1,-1.6448948114415527,-0.45338796670373144,-1.1923039815944587,-2.435316002940183,-1.1040683373743634,-1.0099016624091628,-1.5266293809927451,-1.3083345113939875,0.06478448053192172,-1.082096740655928,-0.5352413727580437,0.5966173111684336,-0.6429860556294569,-1.1822608162670323,1,0,0,0,1,0,0,0,0,0,1,0,0,0,0
0,1,-1.434617077515929,-1.4951104523846848,-1.7088027336491654,1.1787117589246021,-1.1991418977344916,-1.1736315345401929,-1.5381829081641611,-1.386947625961732,-0.9110742633829704,-2.276324487823409,-0.9385635714327291,-1.1745971274155527,-2.025979208671521,-0.9632975771978292,1,0,0,0,1,0,0,0,0,0,0,1,0,0,0
0,1,-1.0413114584748921,0.35188266812197594,-1.457513269883542,1.8592754283666724,-1.2421963661594775,-1.340122723959147,-1.5257544871903022,-1.389354149877071,0.46141117322972497,-1.6965541707338019,-0.3462133353281447,-0.32986408747549756,-1.1508392790416246,-0.7005416903147854,1,0,0,0,0,1,0,0,0,0,0,0,1,0,0
0,1,-0.6757665231368185,0.45140626333845263,-1.1153786355437578,1.2667156816972835,-1.2655512870386123,-1.5041774569475799,-1.5010833034579378,-1.389354149877071,0.48497315497414895,-0.9037058738591257,0.04868682207491153,0.7678995865479841,0.009968088757616114,-0.37063707678385266,1,0,0,0,0,1,0,0,0,0,0,0,0,1,0
0,0,-1.111295838781844,-0.7217441886427144,-1.1959670933111588,-1.4144704987770782,-1.344347000122401,-1.476239423210936,-1.4907217677488172,-1.3933650230693029,-0.25919276845390765,-1.0920073443668614,-0.04489141427652358,0.4564772676760743,-0.021772737705644377,-1.3136387597085541,1,0,0,0,1,0,0,0,0,0,0,0,0,0,1
0,0,-0.7868199003422686,0.2348012337439917,-1.449454424106802,1.1728448307397565,-1.5172716729127653,-1.5332525036851337,-1.5046075235635532,-1.5313390608820785,-0.5223015645999751,-0.37348857532418617,-0.3368555116930012,-0.3610063193626885,-0.4117314628257018,-1.1844504486577243,1,0,0,0,1,0,0,0,1,0,0,0,0,0,0
0,1,-0.4473541505185174,1.5567826482801637,-1.0772822736900773,0.9968369851943939,-1.4778742292208071,-1.393237474144511,-1.4658386379121993,-1.3933650230693029,0.5360241154204008,0.939666416374496,0.09266859316008609,0.7640068075620852,0.8669704032656493,-1.6990140604703516,1,0,0,0,0,1,0,0,0,1,0,0,0,0,0
0,1,-1.1955463477082402,-0.7413823085944465,-0.7600567990238533,-2.1185018809585294,-1.4082792898105627,-1.2386037060207604,-1.4136070671580883,-1.3933650230693029,0.2846963101465453,1.896039674479574,0.45855949729419737,1.5931687315585445,1.7375759291150799,-1.448666090467896,1,0,0,0,1,0,0,0,0,0,1,0,0,0,0
0,1,-0.8319330068083828,-1.3164352026352906,-1.4604437592569022,1.407521958133574,-1.3682922964100062,-1.3151084379391287,-1.406213598405049,-1.3933650230693029,-0.9287457496912884,-1.1663368721988625,-0.6391132151081367,-0.6568575222910027,-0.869706244652746,-1.1078133149835032,1,0,0,0,1,0,0,0,0,0,0,1,0,0,0
0,1,-1.559165009804897,-2.200049615958877,-1.1637317102041984,-2.4881183566037914,-1.320991253543394,-1.3079614990762662,-1.386259447737124,-1.3580693389776626,0.40250621886866517,-0.32889085862498574,-0.37428680623357524,0.22291052852214205,0.014502492538081899,-1.1880998359755444,1,0,0,0,1,0,0,0,0,0,0,0,1,0,0
0,1,-1.2221523317057128,-0.2336524174734952,-0.9563995870389758,1.777138433778836,-1.2953945575118162,-1.1986458205602113,-1.358752457989705,-1.3580693389776626,0.15314191207351155,0.2508794584646212,-0.1908734629847624,0.7756851445197818,0.6266470029009628,-1.440637438368692,1,0,0,0,0,1,0,0,0,0,0,0,0,1,0
0,0,-0.5703057237676372,0.9697462597195792,-1.2853470191986398,2.6513107333208055,-1.309785680580667,-1.2447760623114144,-1.3538760545988113,-1.3580693389776626,-0.5596080356953131,-0.6757619885076565,-0.4819017780377256,-0.24811572877162127,-0.42533467416709914,-1.0698596868781747,1,0,0,0,0,1,0,0,0,0,0,0,0,0,1
0,0,-0.6109862732997727,2.040814842373314,-1.0955978322735775,-0.21175022088376483,-1.2528123894136065,-1.319169198656664,-1.3383998815056437,-1.28346709760215,0.15510541055221355,-0.14058938811725014,-0.3143967349686568,0.28519499229652395,0.03717451144041082,-0.7538227451549582,1,0,0,0,0,1,0,0,1,0,0,0,0,0,0
0,1,-1.221769205536149,-0.6316188846338543,-0.9981590606093562,-1.8838247535647124,-1.2400726660887285,-1.2166755981460688,-1.3237986022149193,-1.28346709760215,-0.013755458616158121,0.13690751578888646,-0.22830475752533644,0.5343328473940518,0.31377314204882367,-1.4515856003221521,1,0,0,0,1,0,0,0,0,1,0,0,0,0,0
0,1,-1.058083870786899,-1.509988836029981,-2.0765791500058497,0.5978858686249046,-1.452041383025841,-1.4190639123080366,-1.3488411023779916,-1.3580693389776626,-1.5393937765676091,-2.742122862237281,-1.180931203582946,-2.6694242580007193,-2.919256753423281,-1.155985227578728,1,0,0,0,1,0,0,0,0,0,1,0,0,0,0
0,1,-1.0403483218541836,0.8771771307047278,-1.1483466409940581,-0.029875447153556476,-1.4017917659163657,-1.4616206846278084,-1.3444953857442608,-1.3412236715702888,3.964292459234086,0.19637113805448722,1.323222401181458,0.14505494880416467,0.32737635339022103,-0.949429905390113,1,0,0,0,0,1,0,0,0,0,0,1,0,0,0
0,1,-0.5441041507269264,-4.343162964808684,-0.9571322093823157,1.7536707210394544,-1.3685284465733942,-1.3888518525695726,-1.3146035915757226,-1.28346709760215,0.12565293337168362,0.8058732662768945,1.7274803822196576,0.6277595430556246,0.8805736146070468,-1.2771448865303536,1,0,0,0,0,0,1,0,0,0,0,0,1,0,0
0,1,-0.9302580812694423,0.029903674357298855,-1.134426816470598,-1.1915272277529516,-1.3971917919295296,-1.397460665290748,-1.3075017540901643,-1.3259823534398076,-0.36914868326121947,0.24592415660915445,1.3531674368139173,0.08277048502978271,0.3591171798534815,-1.088106623467275,1,0,0,0,0,1,0,0,0,0,0,0,0,1,0
0,0,-0.8629715477398343,-0.3402516602968527,-2.0633919478257297,0.140265470206961,-1.5224620223080718,-1.6336345086226105,-1.336360105626333,-1.3259823534398076,-1.4647808343769335,-2.702480447393547,-0.608232397112163,-2.642174805099427,-2.783224640009307,-0.9910329208132616,1,0,0,0,1,0,0,0,0,0,0,0,0,0,1
0,0,-0.5693425871469285,-0.7926083815161932,-1.0714212949433572,0.8912322778671761,-1.518569673111528,-1.4107799604442641,-1.3245141256909077,-1.3259823534398076,4.119408839051544,0.4441362308278235,1.486048532432955,0.31633722418371496,1.0574153620452122,-2.0654125471794846,1,0,0,0,1,0,0,0,1,0,0,0,0,0,0
0,1,-0.8839902750978373,-0.9974992086025931,-0.9578648317256557,-0.9979185976530526,-1.512082149217331,-1.3685480489818953,-1.3105486847129444,-1.3259823534398076,0.005879526170861831,0.8058732662768945,1.7256088174926292,0.6121884271120291,1.4700461060675987,-1.1406578008438837,1,0,0,0,1,0,0,0,0,1,0,0,0,0,0
0,1,-0.9256339612506815,0.07088318623463773,-0.7490674638737531,-0.23521793362314652,-1.2983439574545517,-1.3224178072306925,-1.28725515065823,-1.2569953345334197,0.11583544097817364,1.464928413053969,2.0587473389037383,1.1532847061519722,1.3249451850926934,-0.950159782853677,1,0,0,0,0,1,0,0,0,0,1,0,0,0,0
0,1,-0.6711424031180577,0.884616322527376,-1.0208703532528964,0.7914944987248037,-1.277818710036714,-1.2972410907819725,-1.2793055287556565,-1.2016452844806202,-0.4476886224092993,0.047712082390485466,1.5010210502491848,0.3358011191132093,0.35458277607301575,-1.1267901290361675,1,0,0,0,0,1,0,0,0,0,0,1,0,0,0
0,1,-0.4062372628488235,-0.28414466966341406,-1.0135441298194965,0.7034905759521224,-1.2869014086285642,-1.0644782864528397,-1.2638293556624889,-1.2016452844806202,-0.13745586277438387,0.06753328981235239,1.5159935680654142,0.31244444519781606,0.40899562143860513,-2.0522747528353324,1,0,0,0,1,0,0,0,0,0,0,0,1,0,0
0,1,0.2589123370879885,-0.807244402350977,-0.9139074911252552,1.6715337264516184,-1.2513963141331497,-1.0295557442820347,-1.2478504266941144,-1.1936235380961566,-0.017682455573562118,0.345030193718489,1.7199941233115428,0.5499039633376472,0.6175781953400311,-1.0640206671696626,1,0,0,0,1,0,0,0,0,0,0,0,0,1,0
0,0,-0.10026844687789015,-1.790496859996004,-0.5094999576015701,-0.827777680292535,-1.0012092529212755,-0.9301483219167664,-1.2258285692649227,-1.1326582655742323,0.3475282614650092,1.4748390167649024,-0.2732223109740253,1.6204181844598367,1.0392777469233492,-0.950889660317241,1,0,0,0,1,0,0,0,0,0,0,0,0,0,1
0,0,-0.8452359988071191,-1.153735701478787,-0.14685189764826548,-1.8310223999011035,-0.8523479515002104,-0.7966305095242002,-1.188093126245938,-1.0845277872674501,0.20615637099846543,1.697827600260905,-0.09074475008872683,2.4807223403434873,1.5516653741159827,-0.742874583201498,1,0,0,0,1,0,0,0,1,0,0,0,0,0,0
0,1,-0.3241045902486258,0.6211746798015453,-0.23623182353574662,1.6363321573425458,-0.7361595940136463,-0.6226675203849811,-1.1615398939676609,-0.9040384936170167,-0.2218862973585697,0.6175717957691589,-0.14689169189958787,2.1303722316125886,0.9984681128991572,-1.0136591221837459,0,1,0,0,0,1,0,0,0,1,0,0,0,0,0
0,1,-0.2643369077967036,-0.1382826515371757,-0.7095058573333926,0.05812847561912498,-0.7297901452011434,-0.5552588924738924,-1.1616458670197878,-0.8607210631409127,-0.553717540259207,-0.36853327346871945,-0.4416631364066086,0.8574335032236581,-0.16687365868054946,-1.0063603475481058,0,1,0,0,1,0,0,0,0,0,1,0,0,0,0
0,1,-0.7683074566768272,1.3090407298352527,-0.9981590606093562,-1.3499342887437784,-0.7261339461679878,-0.5739383917745555,-1.1841713018207145,-0.8607210631409127,-0.4594696132815113,-0.9730800998356599,-0.6269480443824501,0.13726939083236692,-0.8742406484332118,-0.9070970125034004,0,1,0,0,0,1,0,0,0,0,0,1,0,0,0
0,1,-1.0979928467831077,1.081946776385872,-0.5395374736785105,-1.144591802274188,-0.6498153327001582,-0.5805980393513135,-1.1558691034340798,-0.6746165470213547,0.443739686921407,-0.011751539875115291,-0.3546353765997739,1.2973175286302303,0.06891533790367131,-0.5042046526160666,0,1,0,0,0,1,0,0,0,0,0,0,1,0,0
0,1,-1.2088493397069764,-1.010674320274016,-0.9659236775023958,-0.5226974146805726,-0.6581904065017161,-0.7621952586394994,-1.1476804260418245,-0.6746165470213547,-0.5694255280888231,-0.9037058738591257,-0.6166544383837922,0.12948383286056916,-0.9105158786769381,-0.14291530815188142,0,1,0,0,1,0,0,0,0,0,0,0,0,1,0
0,0,-1.1999842258390185,-1.689512355616166,-1.1534749973974383,-0.05921008807778362,-0.7618743651269182,-0.9655581553736756,-1.1275940144328729,-0.8607210631409127,-0.3848566710908354,-1.2951747204409971,-0.7317556690960575,-0.4155052251652728,-1.1916489130658168,-0.23196035870669068,0,1,0,0,1,0,0,0,0,0,0,0,0,0,1
0,0,-1.2680423329045534,-1.0179923306914083,-0.900720288945135,-0.37602421005943687,-0.8832522463089166,-1.0079524972647462,-1.1074533840530656,-1.0700886437754153,0.2159738633919754,-0.6361195736639226,-0.46318613076743864,0.19955385460674885,-0.32104338721638614,-0.7034612001690415,0,1,0,0,0,1,0,0,1,0,0,0,0,0,0
0,1,-1.2078862030862678,-2.308836856377131,-0.6911902987498924,0.16960011113118814,-0.9565042104521888,-0.9398941476388516,-1.0921102933974525,-1.0700886437754153,0.10601794858466365,0.4243150234059566,-0.32001142914974284,0.7017223437877032,0.41353002521907095,-0.9910329208132616,0,1,0,0,1,0,0,0,0,1,0,0,0,0,0
0,1,-1.004871902791954,-2.228096378975304,-1.2794860404519197,0.7504260014308856,-1.0482741456244993,-1.1039488806272844,-1.0951309361313333,-1.1414821865971425,-0.7795198653099367,-1.047409627667661,-0.7223978454609139,-0.8086759027410586,-1.0148071656276512,-0.534129628622191,0,1,0,0,1,0,0,0,0,0,1,0,0,0,0
0,1,-1.0181748947906903,0.010393468111114367,-1.0340575554330167,-0.14134708266561966,-1.054054044728404,-1.1190549104965162,-1.080105764632101,-1.1414821865971425,0.2414993436151014,-0.4329521975897869,-0.4510209600417521,-0.20918793891263257,-0.2983713683140572,-0.9589183124164451,0,1,0,0,0,1,0,0,0,0,0,1,0,0,0
0,1,-1.1866812338402823,1.8393305592346598,-0.743206485127033,-0.7163060447804718,-1.0868467151443433,-1.028093870423722,-1.0680215507035222,-1.1414821865971425,0.23757234665769741,0.6671248143238262,-0.23204788697939385,0.5031906155068608,0.6311814066814285,-1.1457669430888318,0,1,0,0,0,0,1,0,0,0,0,0,1,0,0
0,1,-1.0181748947906903,0.27687811056892425,-1.3945077483563013,0.5978858686249046,-1.1558512791461173,-1.1375719793684782,-1.0909708777129565,-1.2160844279726548,-0.8678772968515265,-1.101917948077795,-0.7233336278244282,-1.1162054426270696,-1.1372360677002273,-0.8939592181592482,0,1,0,0,0,1,0,0,0,0,0,0,0,1,0
0,0,-0.9383569427982728,0.05807835107927449,-1.2853470191986398,0.19893475205541533,-1.1770833256543751,-1.2693030570453285,-1.0846371394811862,-1.2160844279726548,0.04318599726619977,-0.8045998367497914,-0.5455349787567015,-0.8437109136141485,-0.7563461501411014,-0.6852142635799412,0,1,0,0,0,1,0,0,0,0,0,0,0,0,1
0,0,-0.6013495858958882,-1.1116588246538546,-0.8882657091083549,1.0848409079670753,-1.1750785263651924,-1.182565208118771,-1.0746732080916732,-1.2160844279726548,0.48497315497414895,0.2707006658864881,-0.21520380443613552,0.15284050677596236,0.45887406302372874,-1.2713058668218415,0,1,0,0,1,0,0,0,1,0,0,0,0,0,0
0,1,0.4362837900055382,-1.4735199653482753,-0.8699501505248546,2.9270563580085405,-1.2038599468030218,-1.1461807920896532,-1.071546592305666,-1.2160844279726548,-0.12567487190217191,0.454046834538757,-0.20023128661990588,0.1917682966349511,0.6085093877790997,-1.026796916527898,0,1,0,0,1,0,0,0,0,1,0,0,0,0,0
0,1,-0.41066981978280226,-0.020467396427364476,-0.1395256742148654,-1.7254176925738858,-1.0203184250586563,-1.012338118839684,-1.0301004494691832,-1.0564516749218271,0.7225564708970905,2.4906758971355814,0.4070914673009081,1.912376608402252,2.1411378655765345,-0.7370355634929859,0,1,0,0,0,1,0,0,0,0,1,0,0,0,0
0,1,-0.5348346259022069,-1.1733738214305196,-0.23769706822242664,-0.4229596355382004,-0.8920996204372509,-0.7558604719201444,-0.999069239616149,-1.036397308960668,-0.22777679279467572,0.6027058902027587,0.32567840167515955,1.5659192786572524,1.438305279604338,-1.3858966286013912,0,1,0,0,1,0,0,0,0,0,0,1,0,0,0
0,1,-0.2865103348601973,-0.28414466966341406,-1.2047585614312388,0.6037527968097499,-0.9664126089160254,-0.7379931247629883,-1.0065423935324154,-1.0564516749218271,-0.9797967101375402,-1.4141019649721986,-0.4781586485836682,-0.7853192288256655,-0.9649287240425274,-1.2771448865303536,0,1,0,0,1,0,0,0,0,0,0,0,1,0,0
0,1,-0.8275004498744041,1.2867231543673088,-0.46261212762780946,-1.4555389960709961,-0.8163705566780196,-0.6436210456874638,-0.9481627427618884,-1.036397308960668,0.9601397868200319,0.13195221393341974,-0.013074813917035605,0.8768973981531524,0.6447846180228258,-0.88155130127866,0,1,0,0,0,1,0,0,0,0,0,0,0,1,0
0,0,-0.7920240308121741,1.5644305414118638,-0.2186488872955864,0.022926906510052403,-0.6446249833048517,-0.4992203945719029,-0.9145347823834811,-0.5903882099844857,0.08638296379764367,0.6423483050464925,0.06553090461816988,1.3596019924046123,0.8080231541195941,-0.8633043646895597,0,1,0,0,0,1,0,0,0,0,0,0,0,0,1
0,0,-0.344154859789121,1.4297845355720797,-1.442128200673402,1.3488526762851196,-0.7338005694793812,-0.7880216968030251,-0.9320778407413872,-0.5903882099844857,-1.191854545837356,-1.9046768486634047,-0.8056824758136912,-1.4782338883156645,-1.9398255368426711,-0.1356165335162413,0,1,0,0,0,1,0,0,1,0,0,0,0,0,0
0,1,0.5550475813734562,0.48360012333474556,-0.7212278148268327,2.228891904011934,-0.7098552731917761,-0.8952257797459614,-0.9171315329088542,-0.5903882099844857,1.1663071270837415,-0.40322038645698655,-0.010267466826492547,0.1917682966349511,-0.23488971538753622,-0.2334201136338187,0,1,0,0,0,1,0,0,0,1,0,0,0,0,0
0,1,0.05936745710694451,0.6331312451201182,-0.39887398375722866,-1.0096524540227434,-0.7516125671178715,-0.716552308174401,-0.8569240523632702,-0.5903882099844857,0.20419287251976342,0.4193597215504899,0.26953145986429844,0.7912562604633772,0.6402502142423601,-1.1968583655383125,0,1,0,0,0,1,0,0,0,0,1,0,0,0,0
0,1,-0.41954025484755975,1.1717152684792562,-0.06699606222420447,-1.144591802274188,-0.7241283211789328,-0.6288398766756349,-0.8205925469108347,-0.5903882099844857,0.15903240750961753,1.1329231887376985,0.5577524278267187,1.4374575721225897,1.374823626677817,-0.4574924949479699,0,1,0,0,0,1,0,0,0,0,0,1,0,0,0
0,1,-0.12687443087536235,-0.7049134379127409,-1.0296618213729767,0.6858897913975861,-0.6959364504497016,-0.8086503612481054,-0.8231892974362077,-0.5903882099844857,-0.9169647588190764,-1.136605061066062,-0.27790122279159707,-0.6996780911358903,-1.0012039542862536,-0.21444329958115443,0,1,0,0,1,0,0,0,0,0,0,0,1,0,0
1,0,-0.2377309237992314,0.17589360618908573,-0.9358861614254554,-0.3584234255049006,-0.772136988835837,-0.696410935015425,-0.8299469278764858,-0.8735558573560546,-0.023572951009668112,-0.9483035905583262,-0.19648815716584853,-0.4777896889396546,-0.6339172480685252,-1.4333386637330519,0,1,0,0,1,0,0,0,0,0,0,0,0,1,0
0,0,-0.32198675392242726,1.6373615504749837,-0.12633847203474521,-0.29975414365644626,-0.7572743911400822,-0.5645174269098733,-0.797590644123601,-0.8735558573560546,0.8560743674488263,0.6869460217456931,0.5062843978334294,1.246711401813545,1.3249451850926934,-0.7151392395860656,0,1,0,0,0,0,0,1,0,0,0,0,0,0,1
0,0,-0.1845189558042864,-1.114466193875614,-0.22963822244568655,0.2576040339038696,-0.5620549961062133,-0.5269959978798453,-0.7692358699591673,-0.5205990164396515,-0.2317037897520797,0.47882334381609054,-0.13379073881038692,0.9469674198993321,0.5903717726572365,-0.393993155617901,0,1,0,0,1,0,0,0,1,0,0,0,0,0,0
0,1,0.1125794251018895,-0.6908900564045277,-1.937380904771248,0.6213535813642863,-0.7578639408486804,-0.941680882354567,-0.8062557895021634,-0.5205990164396515,-1.6120432202795831,-2.975022049444217,-1.2061973273978335,-2.7317087217751013,-3.123304923544241,-0.0633586646234043,0,1,0,0,1,0,0,0,0,1,0,0,0,0,0
0,1,0.07710300603965982,0.13942473550738002,0.2231223857384392,-0.1706817235898468,-0.6577181061749398,-0.6639248492751412,-0.7797559544982139,-0.3352966749585398,7.13534250233781,1.390598885221968,2.8345109182571355,1.9590899562330384,1.8736080425290533,-1.022417651746514,0,1,0,0,0,1,0,0,0,0,1,0,0,0,0
0,1,0.5515781610601853,-0.2084062913785354,-0.007653652413663724,0.9381677033459396,-0.6481639329561855,-0.45812549611044406,-0.7747210022773942,-0.3352966749585398,-0.3122072273788616,0.3896279104176895,2.4639411023054527,1.4413503511084886,1.3068075699708304,-0.9289933364103207,0,1,0,0,1,0,0,0,0,0,0,1,0,0,0
0,1,-0.17121596380555015,-1.6025579650448332,-0.17249367966516582,-1.4320712833316145,-0.5101539792527653,-0.46835861311863336,-0.772415883019502,-0.2727270531597229,-0.2768642547622256,0.09230979908968603,2.1991146934308907,1.0793219054198935,0.5994405802181682,-0.12247873917208914,0,1,0,0,1,0,0,0,0,0,0,0,1,0,0
0,1,-0.8230625717436256,0.5686088791216932,0.36964685440644107,-1.660881482540586,-0.29995473714131965,-0.33549052244087296,-0.733381653989567,-0.22219005093760155,0.30629479341226723,1.068504264616631,3.070328073862752,2.1381577895843864,1.2659979359466382,-0.2253914615346146,0,1,0,0,0,1,0,0,0,0,0,0,0,1,0
0,0,-0.1667834068715711,1.6345609135535155,0.5491393285247433,2.0528840584665713,-0.19119767850263297,0.215798352571742,-0.6774139170255867,-0.0922377595092895,-0.02553644948837011,1.1131019813158314,3.358549041825172,2.3444750758370265,1.3702892228973513,-1.9267358291023229,0,1,0,0,0,1,0,0,0,0,0,0,0,0,1
0,0,0.4806306441325256,1.1156082778458183,-1.2868122638853199,1.4544573836123376,-0.3614099272135221,-0.11897076098188165,-0.7044436172901708,-0.0922377595092895,-1.3214454454316877,-2.1573972432922073,0.4089630320279368,-1.4276277614989792,-2.0123759973301234,0.22567281094794384,0,1,0,0,0,1,0,0,1,0,0,0,0,0,0
0,1,0.6136605641198875,0.8855925060697141,0.4370481099937219,0.15786625476149727,0.02088911351617358,-0.02037549076012084,-0.6536964907623649,0.1604472516013173,2.5976975180574966,0.6225270976246255,0.6719178761754695,2.0447310939228136,0.7309382898516759,-0.00423859007471945,0,1,0,0,1,0,0,0,0,1,0,0,0,0,0
0,1,0.7466904841072499,0.5658082422002259,0.5506045732114233,0.14613239839180645,0.07361583024160806,0.13994334236817943,-0.5920571417682754,0.32088217929059143,-0.07266041297721802,0.8058732662768945,0.7580098536187898,2.0992299997253974,0.8352295768023889,-0.16846101937662178,0,1,0,0,1,0,0,0,0,0,1,0,0,0,0
0,1,0.6846080810475478,1.281115148224081,0.46415513669730224,-0.20001636451407395,0.14958021846435537,0.16089686767066258,-0.5426884864146472,0.39468224602765756,-0.20225131257154977,0.6671248143238262,0.6925050881727852,1.7955932388252858,0.5495621386330445,0.3716483036607459,0,1,0,0,0,1,0,0,0,0,0,1,0,0,0
0,1,0.6713050890488118,0.3750552457270032,0.7037226429694853,-0.11787936992623793,0.2906568214923329,0.19516968812666177,-0.4922321696577939,0.42436270765017325,0.009806523128265826,1.0536383590502307,0.8740468666945695,2.1264794526266897,0.7128006747298127,0.5504682822339284,0,1,0,0,0,1,0,0,0,0,0,0,1,0,0
0,1,0.09927643310315354,-1.2659429504453714,0.31689804568596036,-1.115257161349961,0.28216367260908093,0.5507298965540669,-0.4344891786965565,0.42436270765017325,-0.3828931726121334,0.2112370436208874,0.5811469869145774,1.2544969597853426,0.09158735680600023,-1.2786046414574816,0,1,0,0,1,0,0,0,0,0,0,0,0,1,0
0,0,-0.10026844687789015,-0.9545740619408695,0.4531658015472021,-0.528564342865418,0.2667115252047278,0.5543033659854986,-0.3806943000494421,0.4123300880734777,-0.05302542819019805,0.4193597215504899,0.6840830469011562,1.3829586663200055,0.3409795647316184,0.43879703030863487,0,1,0,0,1,0,0,0,0,0,0,0,0,0,1
0,0,-0.2111249398017589,0.7874086386113429,0.846583999920787,-0.3525564973200551,0.6102026719510635,0.6199252591808718,-0.3231895430813581,0.42436270765017325,0.11190844402076965,1.0239065479174303,-0.46131456604040993,1.9551971772471395,0.43620204412139985,0.5519280371610564,0,1,0,0,0,1,0,0,1,0,0,0,0,0,0
0,1,0.3076917481489541,0.5714162483434527,1.3718742200955738,1.1728448307397565,0.7607161988159734,0.821176560341929,-0.22312633697772327,0.519019314986845,0.15903240750961753,1.5789003557297039,-0.28819482879025493,2.6169696048499476,0.9712616902163623,0.46580249646050326,0,1,0,0,0,1,0,0,0,1,0,0,0,0,0
0,1,0.6668725321148324,0.3498091196320434,-0.06479819519418445,0.6272205095491317,0.6616322141776074,0.6507870406341414,-0.17897747056374108,0.42436270765017325,-0.8718042938089304,-1.0226331183903272,-0.762636487092031,0.09834160097337821,-0.9694631278229933,0.7044724270459346,0,1,0,0,0,1,0,0,0,0,1,0,0,0,0
0,1,-0.41066981978280226,0.6191011313116128,0.7044552653128253,-2.0187641018161573,0.7003220330792733,0.7367127374171912,-0.12136674054353028,0.6866738144221365,0.46730166866583095,-0.04148335100791567,-0.34340598823760166,1.2700680757289382,0.1006561643669318,0.31909712628413717,0,1,0,0,0,1,0,0,0,0,0,1,0,0,0
0,1,-0.17121596380555015,-1.3528973410167042,0.7410863824798257,0.5450835149612957,0.7063380823465661,0.800547895896849,-0.06309306282513007,0.6874759890605828,-0.12567487190217191,0.0031143656912848983,-0.3293692527848864,1.215569169926354,0.14600020217158963,0.4548543345070431,0,1,0,0,1,0,0,0,0,0,0,0,1,0,0
0,1,-0.06479202781566018,-0.3711057925350394,-0.5908210377123111,0.1637331829463427,0.5601892050049763,0.48185939478466566,-0.07941702033531296,0.6874759890605828,-0.9483807344783083,-1.6915988688783352,-0.8365632938096648,-0.9059953773885304,-1.6541580986733266,0.8467985324409166,0,1,0,0,1,0,0,0,0,0,0,0,0,1,0
0,0,0.15248840109809852,-0.699305431769514,0.7278991802997056,0.4042772385250054,0.6044227728471587,0.3390830479561189,-0.04449027394595492,0.7131455774908667,1.1957596042642715,-0.011751539875115291,0.003769268626222735,1.157177485137871,0.26842910424416583,1.370120673816312,0,1,0,0,1,0,0,0,0,0,0,0,0,0,1
0,0,0.19682993402828575,-0.09059103626872415,0.8561080903842072,-0.0005408062293293178,0.6059560975094375,0.5432580968338018,0.03005396400830062,0.7131455774908667,-0.07069691449851602,0.14681811949981993,0.06553090461816988,1.219461948912253,0.45433965924326297,-0.06116903223271226,0,1,0,0,1,0,0,0,1,0,0,0,0,0,0
0,1,0.21900336109177945,-0.37952116790002577,0.9337660587782481,-0.04747623170809276,0.5354182088453847,0.5940988210173461,0.08056285654295306,0.7131455774908667,-0.10211289015774797,0.9198452089526291,0.10296219915874397,1.246711401813545,0.6765254444860864,0.7052023045094986,0,1,0,0,1,0,0,0,0,1,0,0,0,0,0
0,1,0.21900336109177945,-1.0499438278771889,0.6546369459657047,-0.09441165718685621,0.6512515153869944,0.5749320304305785,0.11215021954552161,0.7131455774908667,-0.30631673194275555,0.4044938159840897,-0.03179046118732265,0.7678995865479841,0.096121760586466,0.7416961776876991,0,1,0,0,1,0,0,0,0,0,1,0,0,0,0
0,1,0.27221532908672447,-0.08217566090373779,0.6758829939225649,0.01705997832520697,0.6466515414001583,0.8557742416553314,0.1887621642610437,0.7131455774908667,-0.1335288658169799,0.43422562711689006,-0.021496855188664774,0.674472890886411,0.1323969908301923,-0.5852210510716718,0,1,0,0,1,0,0,0,0,0,0,1,0,0,0
0,1,0.232306353090516,0.6892315034532647,0.998969447335509,-0.17654865177469223,0.6881726851628658,0.9158735002748563,0.25098313279703865,0.7131455774908667,0.05103999118100776,0.9000240015307622,0.13477879951823182,1.0442868945468036,0.5450277348525787,0.728558383343547,0,1,0,0,1,0,0,0,0,0,0,0,1,0,0
0,1,0.1125794251018895,1.4690540431752528,0.5440109721213633,-0.3408226409503643,0.8708876813353725,0.8466781376480521,0.28508920415480915,0.7131455774908667,-0.40056465892045134,0.16663932692168684,-0.669058250740596,0.3396938980991082,-0.3346465985577835,0.8562869394672488,0,1,0,0,0,1,0,0,0,0,0,0,0,1,0
0,0,0.15692095803207728,1.8673840545513791,1.0436594102792496,-0.0005408062293293178,0.9217276738533183,0.8710427019532649,0.3252628488692409,0.8535261392189816,0.17277689686053152,0.8702921903979619,-0.4837733427647543,0.9858952097583206,0.286566719366029,0.9336539506050339,0,1,0,0,0,1,0,0,0,0,0,0,0,0,1
0,0,0.37863926507661444,1.4943001692702125,0.48759905168418255,0.37494259760077825,0.8623953581519928,0.8340085642093412,0.38014374592652406,0.6561911781611743,-0.45357911784540533,0.03284617682408528,-0.653149950560852,0.13337661184646804,-0.40266265526477024,0.6555706369871459,0,1,0,0,0,1,0,0,1,0,0,0,0,0,0
0,1,0.4584572170690319,0.9613308843545928,-0.02230609928046391,0.06399540380397041,0.7084609567174431,0.6792123656568897,0.4131892652664973,0.6329281136462297,-0.4810680965472333,-0.6757619885076565,-0.7953888698150334,-0.6062513954743174,-0.9558599164815959,0.6767370834305022,0,1,0,0,1,0,0,0,0,1,0,0,0,0,0
0,1,0.3742067081426356,1.2979458989540547,0.8158138615005067,-0.2528187181776828,0.7344118779941032,0.638604758481535,0.4472682272388404,0.6561911781611743,0.5124621336759769,0.48873394752702404,-0.32188299387677155,0.4876194995632653,0.21855066265904216,0.9986130448622308,0,1,0,0,0,1,0,0,0,0,1,0,0,0,0
0,1,0.3121243050829335,1.5139382892219448,0.3799035672132012,-0.21761714906861027,0.6867566098824089,0.6022203424524171,0.46931637255693187,0.5117997432408277,-0.40449165587785535,-0.11581287883991648,-0.485644907491783,-0.12743958020875631,-0.3527842136796466,0.5453591399889803,0,1,0,0,0,1,0,0,0,0,0,1,0,0,0
0,1,0.21013292602702227,1.2418389083206158,0.5007862538643028,-0.29975414365644626,0.6065456472180357,0.48185939478466566,0.5575073108362416,0.46447143957249176,-0.06480641906241003,0.0526673842459522,-0.4407273540430942,-0.07294067440617212,-0.071651179290768,1.0431355701396354,0,1,0,0,0,1,0,0,0,0,0,0,1,0,0
0,1,0.2411767881552732,0.5012858762018009,0.30444346584918025,-0.029875447153556476,0.5679739033980638,0.441251787609311,0.5604490899034232,0.45003229608045714,-0.2749007562835236,-0.21987421780471766,-0.5137183783972136,-0.32986408747549756,-0.3165089834359203,0.4891585752945516,0,1,0,0,1,0,0,0,0,0,0,0,0,1,0
0,0,0.5914871370563943,-0.12425253772867033,0.8319315530539869,0.6272205095491317,0.533884058483234,0.6306456674751654,0.5908181735547967,0.45003229608045714,0.21990086034937942,0.8306497755542281,-0.31626829969568543,0.31633722418371496,0.5268901197307155,-0.018836139345999658,0,1,0,0,1,0,0,0,0,0,0,0,0,0,1
0,0,0.6003575721211515,0.7032548849614779,1.08248839447627,-0.07681087263231992,0.6296652436336544,0.6897703435224819,0.6362124287054021,0.46447143957249176,-1.0969265244163203e-05,1.177520905436899,-0.22269006334425034,0.5810461952248381,0.7536103087540048,0.8161436789712282,0,1,0,0,1,0,0,0,1,0,0,0,0,0,0
0,1,0.7466904841072499,1.1100002717025914,1.7330570353621984,0.17546703931603358,0.9122907500163858,0.9897793453340018,0.685528508281231,0.8094065341044312,0.20811986947716743,1.7027829021163718,-0.16279999207933185,1.3323525395033202,1.2387915132638438,0.38186658815064206,0,1,0,0,0,1,0,0,0,1,0,0,0,0,0
0,1,0.8974559530273277,0.6443472574065718,0.8942044522378877,0.16960011113118814,0.9249123982595697,1.0770044855466634,0.6980103265294173,0.8270543761502513,-0.5340825554721871,-0.17032119925005051,-0.4407273540430942,0.2618383183811308,0.08251854924506866,0.5022963696387037,0,1,0,0,0,1,0,0,0,0,1,0,0,0,0
0,1,0.9018885099613065,0.3442011134888166,0.6114122277086441,-0.08854472900201077,0.962186967580651,1.1450628351725578,0.7666710063493095,0.8270543761502513,-0.31024372890015955,-0.5023264235663212,-0.5343055903945293,-0.1702601490536439,-0.343715406118715,0.306689209403549,0,1,0,0,1,0,0,0,0,0,0,1,0,0,0
0,1,1.1546453579372948,0.21797048301401825,0.7711238985567661,0.32800717212201475,1.0057129106325413,1.1315811095903405,0.7787552202778883,0.8270543761502513,-0.04713493275409207,-0.3140249530585855,-0.4819017780377256,0.01270046328360303,-0.18047687002194682,0.8322009831696364,0,1,0,0,1,0,0,0,0,0,0,0,1,0,0
0,1,1.0127503240819749,0.05807835107927449,1.1271783574200107,-0.31735492821098255,1.1381791153954448,1.141489365741127,0.7996105526371566,0.8952392204181929,0.06478448053192172,0.1022204028006195,-0.4819017780377256,0.4253350357888833,0.1323969908301923,1.081819075708528,0,1,0,0,1,0,0,0,0,0,0,0,0,1,0
0,0,0.875282525963834,0.5686088791216932,0.9066590320746678,-0.31735492821098255,1.1502103882301584,0.9582678421659264,0.8156165909909584,0.9088761892717812,-0.26508326389001363,-0.15545529368365033,-0.5483423258472446,0.13726939083236692,-0.16233925490008366,1.7299502633533692,0,1,0,0,1,0,0,0,0,0,0,0,0,0,1
0,0,0.9373649290235362,1.1689078992574966,0.9081242767613479,0.011193050140361533,1.1221365925826214,0.9613540203112535,0.8230100597439978,0.9088761892717812,-0.1472733551678939,-0.15545529368365033,-0.5474065434837303,0.12948383286056916,-0.1305984284368232,0.8942405675725773,0,1,0,0,1,0,0,0,1,0,0,0,0,0,0
1,0,1.2876752779246574,0.2684627352039379,0.9660014418852086,0.48641423311284143,0.998635837029746,1.0399703478027402,0.8464892520140666,0.9088761892717812,-0.11389388102995994,0.5878399846363586,-0.530562460940472,0.17230440170545674,0.08705295302553445,0.6125078666368693,0,1,0,0,1,0,0,0,0,1,0,0,0,0,0
0,1,1.5093935849691944,-0.05692953480877798,0.9879801121854088,0.24000324934933334,1.013733759189017,1.08804975469836,0.8658338522581298,0.910480538548674,-0.1354923642956819,0.6175717957691589,-0.5240119843958715,0.17619718069135562,0.1006561643669318,0.7716211536938236,0,1,0,0,1,0,0,0,0,0,1,0,0,0,0
0,1,1.4517490600402707,0.21516311379225875,0.4824706952808025,-0.17654865177469223,0.9929731873076633,0.9451109774411116,0.8526636199193822,0.910480538548674,-0.43001713610098136,-0.07121516214071591,-0.7186547160068565,-0.4155052251652728,-0.5522979800201412,1.1263416009859326,0,1,0,0,0,1,0,0,0,0,0,1,0,0,0
0,1,1.1901217769995245,-2.2898113757519694,0.3974865034533614,-0.46989506101696377,0.9328151717343514,0.8322218294936257,0.8174189543736441,0.910480538548674,-0.20225131257154977,-0.1851871048164507,-0.6625077741959955,-0.4816824679255535,-0.6021764216052647,0.9066484844531655,0,1,0,0,1,0,0,0,0,0,0,0,1,0,0
0,1,0.6846080810475478,-1.958804367295735,0.3916255247066413,-0.8747131057712983,0.8143866904950884,0.7177083772591256,0.8339277486026525,0.9088761892717812,-0.15120035212529787,-0.03652804915244894,-0.6381774327446224,-0.5050391418409468,-0.47974751953268857,0.9081082393802935,0,1,0,0,1,0,0,0,0,0,0,0,0,1,0
0,0,0.7644260330399653,-1.2715509565885985,1.1198521339866105,0.046394619249434124,0.8487118598734342,0.7518187672864235,0.848953741598413,0.910480538548674,0.3436012645076052,0.9941747367846301,-0.4023602771390058,0.35526501404270366,0.4906148894869893,0.9657685590018503,0,1,0,0,1,0,0,0,0,0,0,0,0,0,1
0,0,0.8353735499676256,0.049662975714287384,1.3718742200955738,0.028793834694897838,0.923379073597291,0.836932311925967,0.8717699861702928,0.9738523349859372,-0.011791960137456124,1.1477890943040985,-0.3209472115132572,0.6277595430556246,0.7309382898516759,0.9876648829087706,0,1,0,0,0,1,0,0,1,0,0,0,0,0,0
0,1,0.9950094539524599,-0.30378278961514704,1.393852890395774,0.17546703931603358,0.992265562517371,1.038995765230532,0.9435581032727205,0.9979175741393284,-0.1354923642956819,0.8356050774096948,-0.3143967349686568,0.5654750792812426,0.6674566369251548,0.4840494330496035,0,1,0,0,1,0,0,0,0,1,0,0,0,0,0
0,1,1.1502128010033161,-0.31780617112336024,1.07442954869953,0.15786625476149727,1.0061843852594454,1.189081481350642,0.9560924972987064,1.0925741814760002,-0.3082802304214576,0.39953851412862296,-0.41639701259172107,0.17619718069135562,0.22308506643950796,0.3993836472761783,0,1,0,0,1,0,0,0,0,0,1,0,0,0,0
0,1,1.5138261419031733,-0.15511340226714918,0.8121507497838066,0.47468037674315056,1.0592653272299621,1.2823165474252567,0.9545029015168034,1.0925741814760002,-0.2906087441131396,0.06753328981235239,-0.501553207671527,-0.12743958020875631,-0.1850112738024126,0.3935446275676662,0,1,0,0,1,0,0,0,0,0,0,1,0,0,0
0,1,1.686765037886744,-0.51697454296157,1.0209481176357094,0.15199932657665188,1.159647312067091,1.2603884395505651,0.9576558051917103,1.0925741814760002,-0.023572951009668112,0.33511959000755553,-0.43417687749849376,0.11391271691697367,-0.030841545266575943,1.1190428263502925,0,1,0,0,0,1,0,0,0,0,0,0,1,0,0
0,1,1.4029696489793044,-0.27012128815520087,0.7044552653128253,-0.48162891738665464,1.2100150042582603,1.112414319003573,0.9594581685743954,1.0925741814760002,-0.32202471977237157,-0.06625986028524919,-0.6662509036500529,-0.2597940657293179,-0.48428192331315434,1.370120673816312,0,1,0,0,1,0,0,0,0,0,0,0,0,1,0
0,0,1.2433337449944695,0.06368635722250134,0.34840080644958077,-0.3290887845806734,1.0858057982152205,0.8806260972466488,0.94761218863897,1.034015432869415,-0.3632581878251135,-0.5171923291327213,-0.7392419280041722,-0.6646430802628005,-0.8198278030676224,1.3920169977232324,0,1,0,0,1,0,0,0,0,0,0,0,0,0,1
0,0,1.0703948490108985,0.6920388726750242,0.839990398830727,-0.3584234255049006,1.0001691616920247,0.8286483600621948,0.9418617129421616,0.8358782971731614,0.18848488469014751,0.1022204028006195,-0.47628708385663954,-0.08072623237796986,-0.08071998685169958,1.0737904236093239,0,1,0,0,1,0,0,0,1,0,0,0,0,0,0
0,1,0.7644260330399653,-1.0134816894957754,1.1183868892999305,-0.581366696529027,0.955816693068276,0.8965442792593874,0.9626381816347305,0.8358782971731614,0.01569701856437182,0.8653368885424952,-0.38551619459574743,0.21901774953624317,0.34551396851208416,0.8124942916534081,0,1,0,0,1,0,0,0,0,1,0,0,0,0,0
0,1,0.6003575721211515,-0.9293279358459104,0.7476799835698859,-0.3818911382442823,0.9032080514245356,0.8359577293537587,0.9519324388803293,0.8053956609121994,-0.34755019999549747,0.3004324770192885,-0.5062321194890987,-0.20140238094083485,-0.08978879441263113,1.020509368769151,0,1,0,0,1,0,0,0,0,0,1,0,0,0,0
0,1,0.7200845001097774,-1.1677590829870006,1.157948495840291,0.12266468565242471,0.9588841680927055,0.9365021647199362,0.9761797304041864,0.8358782971731614,0.10012745314855766,0.8603815866870285,-0.3724152415065466,0.2501599814234342,0.39539241009720777,0.7052023045094986,0,1,0,0,1,0,0,0,0,0,0,1,0,0,0
0,1,0.7289496139777356,0.29090149207713745,1.0634402135494299,-0.07681087263231992,0.9657250915321126,1.0950342631325214,1.0154521934272749,0.8358782971731614,-0.19832431561414576,0.6770354180347596,-0.4032960595025201,0.09834160097337821,0.25936029668323424,0.3504818572173896,0,1,0,0,0,1,0,0,0,0,0,0,1,0,0
0,1,0.8398114280984039,0.6106857559466257,1.2751680707746924,0.09919697291304301,1.0576139274859893,1.1915179377811633,1.0320677822049393,1.0805415618993046,-0.031426944924476105,0.9644429256518297,-0.3340481646024581,0.3241227821555127,0.4225988327800025,0.8402296352688405,0,1,0,0,1,0,0,0,0,0,0,0,0,1,0
0,0,1.0925682760743924,0.17028560004585888,0.2399726996352594,0.33387410030686016,1.0401561550925813,0.9967638537681631,1.0270065420952197,1.0805415618993046,-0.6833084398535388,-0.5469241402655217,-0.7813521343623181,-0.859282029557744,-0.9195846862378697,1.1175830714231645,0,1,0,0,1,0,0,0,0,0,0,0,0,0,1
0,0,1.1058712680731282,0.14503947395089906,1.0290069634124495,-0.07094394444747448,1.0705889752743833,1.0591371383895072,1.0461129083461296,1.0805415618993046,0.414287209740877,0.4837786456715573,-0.3686721120524892,0.028271579227198525,0.08705295302553445,0.7482650748597752,0,1,0,0,0,1,0,0,1,0,0,0,0,0,0
0,1,0.7644260330399653,0.6808161280882775,1.230478107830952,-0.6341690501926358,1.088637123076262,1.075217750830948,1.0796086077835105,1.0805415618993046,-0.03535394188188008,0.7464096440112937,-0.3003599995159415,0.21901774953624317,0.32737635339022103,1.156996454455621,0,1,0,0,0,1,0,0,0,1,0,0,0,0,0
0,1,1.0083124459511965,0.8435156292447816,0.9557447290784484,0.32800717212201475,1.1221365925826214,1.0513404778118396,1.0840865853582682,1.0805415618993046,-0.2906087441131396,0.3896279104176895,-0.39393823586737664,-0.09629734832156533,-0.071651179290768,1.0628422616558637,0,0,1,0,0,1,0,0,0,0,1,0,0,0,0
0,1,1.2876752779246574,0.4199394917736953,0.41799992906688166,0.3573418130462419,1.002999660853194,0.8612968762311798,1.0600512399386646,1.042839353892325,-0.4516156193667033,-0.3140249530585855,-0.5754800143891609,-0.6841069751922948,-0.6475204594099226,1.2737768486258627,0,0,1,0,1,0,0,0,0,0,0,1,0,0,0
0,1,1.2610692939271848,0.39188599645697597,1.0224133623223892,-0.13548015448077422,0.9963940618773028,1.0347725740842943,1.0343466135739312,1.0356197821463078,0.2572073314447173,0.4738680419606238,-0.3705436767795179,0.0321643582130974,0.16413781729345278,0.24245999260991608,0,0,1,0,0,1,0,0,0,0,0,0,1,0,0
0,1,1.2389011880604908,-0.4833130415016238,0.7821132337068663,-0.12961322629592878,0.917008799084916,0.9800335196119166,1.0302925282076816,0.9626218900476881,-0.2807912517196296,0.2112370436208874,-0.4528925247687808,-0.24033017079982358,-0.06258237172983643,1.0285380208683552,0,0,1,0,1,0,0,0,0,0,0,0,0,1,0
0,0,1.0836978410096345,-1.089220067780654,0.9894453568720889,-0.3290887845806734,1.037679055476622,0.9265939085691498,1.0439663379181634,0.999521923416221,-0.023572951009668112,0.48873394752702404,-0.4538283071322951,-0.01454898961768905,0.0734497416841371,1.229254323348458,0,0,1,0,1,0,0,0,0,0,0,0,0,0,1
0,0,1.0038798890172176,-0.8872510590209771,1.1367024478834307,-0.22348407725345568,1.0550187527883361,0.9667142244584006,1.057189967531239,0.999521923416221,-0.06480641906241003,0.6819907198902263,-0.40703918895657754,0.13726939083236692,0.24575708534183688,0.9555502745119542,0,0,1,0,1,0,0,0,1,0,0,0,0,0,0
0,1,1.0171828810159536,0.0889324833174604,1.2912857623281726,-0.07094394444747448,1.0648090761704787,1.1603312954704914,1.063125279946873,0.999521923416221,-0.06480641906241003,1.013995944206497,-0.3583785060538313,0.3046588872260183,0.43620204412139985,0.4198202162559706,0,0,1,0,0,1,0,0,0,1,0,0,0,0,0
0,1,1.3453251240503807,-0.07376028553875069,1.3667458636921936,0.4336118794492325,1.1309831410110835,1.236673596960158,1.0797671566134364,1.0356197821463078,-0.10800338559385395,0.9049793033862289,-0.3340481646024581,0.37472890897219807,0.44980525546279715,1.0219691236962791,0,0,1,0,1,0,0,0,0,0,1,0,0,0,0
0,1,1.2610692939271848,-0.9910362003222833,0.9293703247182081,-0.21761714906861027,1.2133178037462058,1.269322113129143,1.080536077363753,1.0356197821463078,-0.36914868326121947,0.24592415660915445,-0.5941956616594478,-0.12354680122285744,-0.20314888892427577,0.7825693156472837,0,0,1,0,1,0,0,0,0,0,0,1,0,0,0
0,1,1.0925682760743924,-1.4202203439365966,0.8854129841178076,-0.3466895691352097,1.1912592316660895,1.246256992253542,1.0776214076819985,0.999521923416221,-0.1727988353910198,0.1914158361990205,-0.6072966147486487,-0.1702601490536439,-0.23488971538753622,0.9891246378358987,0,0,1,0,1,0,0,0,0,0,0,0,1,0,0
0,1,1.2300307529957335,-1.6754889741079524,1.308136076224993,0.12266468565242471,1.275952918935477,1.2842657125696741,1.089201222742315,1.1607590257439415,0.09620045619115365,0.7315437384448935,-0.5202688549418141,0.29687332925422055,0.20041304753717906,1.1358300080122647,0,0,1,0,1,0,0,0,0,0,0,0,0,1,0
0,0,1.3142812619221298,-1.3500967040952367,1.5205965557935957,0.034660762879743255,1.3614714803769785,1.3351064367532177,1.1267518290424736,1.3300178744561257,-0.037317440360582085,1.0040853404955636,-0.46131456604040993,0.4915122785491642,0.36365158363394734,1.289834152824271,0,0,1,0,1,0,0,0,0,0,0,0,0,0,1
0,0,1.1989922120642824,0.2516319844739644,1.4085053372625742,-0.2645525745473737,1.405233573592257,1.344364971189199,1.1633215684880625,1.3484678911403922,-0.20225131257154977,0.6671248143238262,-0.4921953840363835,0.32801556114141156,0.17774102863485014,1.365011531571364,0,0,1,0,0,1,0,0,1,0,0,0,0,0,0
1,0,1.2522041800592267,-0.04851415944379162,1.230478107830952,-0.01227466259902018,1.3954432502101144,1.411123877385482,1.1936643642505365,1.3484678911403922,-0.2356307867094837,0.4490915326832903,-0.5417918493026441,0.09834160097337821,-0.026307141486110158,0.9292746858236498,0,0,1,0,0,1,0,0,0,1,0,0,0,0,0
0,1,1.3586281160491167,-0.3682984233132799,0.8861456064611476,0.06986233198881585,1.3180636124067824,1.411286307814183,1.1852103434797,1.263437379465077,-0.32791521520847755,0.02789087496861855,-0.6363058680175936,-0.2714724026870145,-0.36638742502104393,0.8854820380098092,0,0,1,0,1,0,0,0,0,0,1,0,0,0,0
0,1,1.216727760996997,0.6611780081365454,1.9074211530771206,-0.30562107184129167,1.4755361377927936,1.544154398491944,1.2045820531091913,1.3484678911403922,0.441776188442705,1.2815822444017,-0.3555711589632882,0.8262912713364671,0.6901286558274837,1.3066213344862432,0,0,1,0,1,0,0,0,0,0,0,1,0,0,0
0,1,1.376363664981832,0.04124760034930103,0.8978675639545878,0.15199932657665188,1.4775417627818486,1.406088534095738,1.1866413904316773,1.3484678911403922,-0.594951008311949,-0.323935556769519,-0.6334985209270506,-0.2597940657293179,-0.5069539422154833,1.5182857989198062,0,0,1,0,1,0,0,0,0,0,0,0,1,0,0
0,1,1.1590832360680732,0.7593618755949157,0.8714931595943474,-0.4112257791685095,1.407239198581312,1.2870270298575979,1.179301318952965,1.263437379465077,-0.16298134299750983,-0.3536673679023194,-0.640048997471651,-0.28315073964471116,-0.47067871197175704,1.4066145469945126,0,0,1,0,0,1,0,0,0,0,0,0,0,1,0
0,0,1.2876752779246574,-0.24206779283848157,0.844386132890767,0.10506390109788843,1.2983648905608034,1.2014261939319506,1.1804670225263607,0.8992500936104247,-0.16298134299750983,-0.3833991790351196,-0.6437921269257084,-0.3142929715319021,-0.3981282514843045,1.229254323348458,0,0,1,0,1,0,0,0,0,0,0,0,0,0,1
0,0,1.363060672983096,-0.4496515400416776,0.43997859936708195,0.01705997832520697,1.1424248641371988,1.1025060628527865,1.1594523198406383,0.8864152993952827,-0.3828931726121334,-0.8343316478825917,-0.7485997516393158,-0.7424986599807779,-0.7563461501411014,0.8862119154733732,0,0,1,0,1,0,0,0,1,0,0,0,0,0,0
0,1,1.442878624975513,-0.062544273252297,1.3894571563357339,0.022926906510052403,1.1680215601687767,0.987667749760883,1.184230298121658,0.8864152993952827,0.48300965649544697,0.22610294918728754,-0.3359197293294868,0.2813022133106251,0.4316676403409341,1.9036610996816037,0,0,1,0,1,0,0,0,0,1,0,0,0,0,0
0,1,1.611384964025105,-0.5786828074379433,1.0561139901160297,0.15199932657665188,1.1953877310260215,1.02275272236039,1.2098289514342646,0.8992500936104247,-0.31417072585756356,-0.14554468997271686,-0.4416631364066086,-0.10797568527926195,-0.026307141486110158,0.8978899548903974,0,0,1,0,1,0,0,0,0,0,1,0,0,0,0
0,1,1.3586281160491167,-0.09059103626872415,0.47367922716072236,-0.446427348277582,0.9645459921149162,0.9345529995755194,1.19657903393229,0.8703718066263554,-0.4673236071963193,-0.3536673679023194,-0.6260122620189358,-0.7347131020089801,-0.534160364898278,0.871614366202093,0,0,1,0,1,0,0,0,0,0,0,1,0,0,0
0,1,1.0083124459511965,-1.1369049507488138,0.5996902702152039,-0.6107013374532541,0.9165373244580118,0.8803012363892455,1.1778168747266604,0.8406913450038397,-0.06480641906241003,-0.19509770852738417,-0.5857736203878187,-0.5828947215589242,-0.3074401758749888,0.8446089000502246,0,0,1,0,1,0,0,0,0,0,0,0,1,0,0
0,1,0.9151915019600424,-0.3626904171700523,0.6612305470557648,-0.24695178999283737,0.8826836297065701,0.9293552258570743,1.1746902589406525,0.640147685392247,-0.10800338559385395,-0.11581287883991648,-0.5661221907540174,-0.5089319208268456,-0.1850112738024126,0.4417165401628909,0,0,1,0,1,0,0,0,0,0,0,0,0,1,0
0,0,1.0393563080794475,-0.40476729399498557,1.2048363258140515,0.11093082928273387,0.9407187709090051,0.8884227578243165,1.176385827774683,0.640147685392247,0.18848488469014751,0.5729740790699583,-0.39487401823089097,0.08666326401568158,0.4815460819260577,1.3876377329418483,0,0,1,0,1,0,0,0,0,0,0,0,0,0,1
0,0,1.2122952040630182,-0.27572929429842774,1.5374468696904158,0.18133396750087902,1.1174185435140913,0.9951395494811489,1.1935312818129815,1.0725198155148408,0.02747800943658378,0.9941747367846301,-0.3041031289699989,0.43312059376068107,0.685594252047018,1.0555434870202236,0,0,1,0,1,0,0,0,1,0,0,0,0,0,0
0,1,1.3586281160491167,0.04124760034930103,1.8195064718763194,0.12853161383727013,1.1866592576792534,1.2935242470056547,1.2132209105988534,1.0725198155148408,-0.009828461658754126,1.1527443961595654,-0.21520380443613552,0.7211862387171976,0.9531240750944993,0.4752909034868354,0,0,1,0,1,0,0,0,0,1,0,0,0,0,0
0,1,1.5182640200339517,0.03563959420607418,1.3645479966621736,0.140265470206961,1.2363193250801305,1.4631016145699358,1.2538981326850203,1.235361267119454,-0.35344069543160345,0.2855665714528883,-0.35744272369031693,0.1800899596772545,0.31830754582928944,0.6008298272198451,0,0,1,0,1,0,0,0,0,0,1,0,0,0,0
0,1,1.4739171659069648,0.41713212255193577,0.7462147388832058,-0.15894786722015594,1.2801994933771028,1.4819435442993003,1.2436696794134543,1.235361267119454,-0.4594696132815113,-0.41808629202338676,-0.592324096932419,-0.4777896889396546,-0.5024195384350175,0.662139534159222,0,0,1,0,1,0,0,0,0,0,0,1,0,0,0
0,1,1.722241456948974,0.3105396120288704,0.8070223933804266,0.263470962088715,1.3135808878017683,1.3937438215144295,1.2283520551502123,1.235361267119454,-0.10996688407255593,-0.3487120660468527,-0.5932598792959334,-0.39993410922167727,-0.46160990441082544,1.2037086121237177,0,0,1,0,0,1,0,0,0,0,0,0,1,0,0
0,1,1.899612909866524,-0.43562142623317224,0.6539043236223646,0.14613239839180645,1.3124017883845718,1.1978527245005188,1.2174343662915577,1.235361267119454,-0.2375942851881857,-0.5271029328436548,-0.6625077741959955,-0.5556452686576321,-0.6475204594099226,1.5350729805817784,0,0,1,0,1,0,0,0,0,0,0,0,0,1,0
0,0,1.9040507879973025,-0.9770128188140698,0.2524272794720396,-0.08854472900201077,1.1590569366586205,0.8504140375081843,1.2114456566015956,0.7997804384430748,-0.3966376619630474,-0.9829907035465935,-0.7551502281839162,-0.9916365150783056,-1.0102727618471854,1.8160758040539224,0,0,1,0,1,0,0,0,0,0,0,0,0,0,1
0,0,1.8020594089413913,-0.6347897980713813,-0.038423790833944114,-0.2293510054383011,0.9053317514952847,0.5393597665449676,1.1730735537733215,0.733199943452026,-0.35344069543160345,-1.314995927862864,-0.7345630161866005,-1.2797021600348222,-1.1689768941634877,1.362821899180672,0,0,1,0,1,0,0,0,1,0,0,0,0,0,0
0,1,1.3408872459196024,0.7537471371513967,-0.11315126985462506,-0.704572188410781,0.5941601491382399,0.34882887367820403,1.1406909821315372,0.6321259390077832,-0.20617830952895377,-1.0771414388004612,-0.6643793389230241,-1.341986623809204,-0.9694631278229933,0.7468053199326472,0,0,1,0,1,0,0,0,0,1,0,0,0,0,0
0,1,1.491658036036479,-0.7021128009912736,0.12202050235751792,0.12853161383727013,0.39410545565401905,0.19695642284237758,1.1093147437366948,0.19253423713917212,0.04514949574490176,-0.21491891594925094,-0.5445991963931872,-1.0578137578385864,-0.3799906363624413,0.8073851494084601,0,0,1,0,1,0,0,0,0,0,1,0,0,0,0
0,1,1.5093935849691944,-1.63060472806126,0.2934541306990801,-0.07094394444747448,0.3212077167558291,0.11704065192127955,1.078813399144294,0.19253423713917212,-0.019645954052264117,0.04275678053501874,-0.4781586485836682,-0.8398181346282496,-0.0036351225837812384,0.6548407595235819,0,0,1,0,1,0,0,0,0,0,0,1,0,0,0
0,1,1.531567012032688,-0.41599003858173145,0.8429208882040871,-0.06507701626262904,0.3269876158597338,0.24795957745462283,1.0625954146862389,0.19253423713917212,0.2356088481789954,1.103191377604898,-0.2648002697023961,-0.20140238094083485,0.876039210826581,0.25486790949050425,0,0,1,0,1,0,0,0,0,0,0,0,1,0,0
0,1,1.846400941871579,-0.6908900564045277,0.8912739628645276,0.3514748848613965,0.36520596013449563,0.45408379147672323,1.0453973848701408,0.19253423713917212,-0.11978437646606593,0.8752474922534287,-0.24608462243210913,-0.1313323591946552,0.8896424221679783,-0.03489344354440788,0,0,1,0,1,0,0,0,0,0,0,0,0,1,0
0,0,1.66459693202005,-1.2070353228904658,0.6963964195360852,-0.33495571276551883,0.43668762375222875,0.6335694151917904,1.0369704734847323,0.23745601689216886,-0.25919276845390765,0.5234210605152911,-0.32188299387677155,-0.34543520341909306,0.46340846680419456,-0.10934094482793695,0,0,1,0,1,0,0,0,0,0,0,0,0,0,1
0,0,1.673462045888008,-1.1060508185106273,0.2978498647591201,-0.08267780081716535,0.49083041575812003,0.672552718080131,1.0157175368058566,0.2422690647228471,-0.39074716652694136,-0.05634925657431573,-0.47628708385663954,-0.7814264498397666,-0.23035531160707043,0.12494972097611039,0,0,1,0,1,0,0,0,1,0,0,0,0,0,0
0,1,1.491658036036479,-0.6347897980713813,0.758669318719986,-0.3408226409503643,0.6311993939958053,0.7756960403055317,0.9958422498046301,0.6786520680376728,0.17474039533923352,0.6126164939136921,-0.41078231841063495,-0.23254461282802583,0.2729635080246316,0.29574104745008883,0,0,1,0,1,0,0,0,0,1,0,0,0,0,0
0,1,1.5537351178993817,-1.0359204463689753,0.6319256533221643,-0.0064077344141747535,0.7132970808676673,0.7289160768395236,0.9636979121559994,0.6786520680376728,-0.22384979583727171,0.42927032526142334,-0.5240119843958715,-0.34543520341909306,-0.021772737705644377,0.8431491451230966,0,0,1,0,1,0,0,0,0,0,1,0,0,0,0
0,1,1.2788101640566991,0.08332447717423355,0.605551248961924,-0.48162891738665464,0.7635466979771427,0.6655682096459703,0.9346539024044768,0.6786520680376728,-0.16298134299750983,0.3896279104176895,-0.5343055903945293,-0.34932798240499197,-0.12152962087589163,0.8913210577183213,0,0,1,0,0,1,0,0,0,0,0,1,0,0,0
0,1,1.163515793002052,0.7565545063731562,1.0297395857557894,-0.2704195027322191,0.7936261186137347,0.7394740547051158,0.9273935160889923,0.6786520680376728,0.11976243793557763,1.0090406423510303,-0.39300245350386226,0.15673328576186124,0.4407364479018656,0.6971736524102945,0,0,1,0,0,1,0,0,0,0,0,0,1,0,0
0,1,1.1679483499360315,-0.09620577471224318,0.09857658737063762,-0.08854472900201077,0.6659960380010553,0.6952929780983295,0.8989056594870029,0.6080606998543922,-0.6617099565878168,-0.4924158198553877,-0.7027464158271125,-0.9137809353603282,-0.7382085350192382,0.3001203122314729,0,0,1,0,1,0,0,0,0,0,0,0,0,1,0
0,0,1.1989922120642824,0.7397237556431836,0.832664175397327,-0.04747623170809276,0.6879365349994776,0.7116984513971734,0.8600308007835226,0.6080606998543922,0.40250621886866517,0.5283763623707579,-0.37428680623357524,-0.0028706526599924396,0.3047043344878921,0.7592132368132354,0,0,1,0,0,1,0,0,0,0,0,0,0,0,1
0,0,1.3364546889856235,0.7257003741349703,1.0451246549659297,0.11679775746757927,0.8082525661461014,0.8033092131847729,0.8653565627752946,0.7468369123056143,-0.023572951009668112,0.8256944736987614,-0.2984884347889128,0.24626720243753533,0.4407364479018656,0.6329444356166616,0,0,1,0,1,0,0,0,1,0,0,0,0,0,0
0,1,1.4561816169742494,-0.3570824110268255,0.6260646745754443,0.0815961883585067,0.7869024445561495,0.8078572651884129,0.856479471292479,0.6080606998543922,-0.3789661756547294,0.22114764733182088,-0.448213612951209,-0.2442229497857224,-0.12152962087589163,0.6066688469283572,0,0,1,0,1,0,0,0,0,1,0,0,0,0,0
0,1,1.5093935849691944,-0.5029444291530646,0.25315990181537956,-0.018141590783865614,0.7259187291108512,0.6356810107649091,0.8350942736725766,0.6016433027468212,-0.3809296741334314,-0.29420374563671864,-0.5810947085702469,-0.6724286382345982,-0.5795044027029358,1.0292678983319192,0,0,1,0,1,0,0,0,0,0,1,0,0,0,0
0,1,1.4650520520390067,-1.487543346856489,0.6495085895623246,-0.15894786722015594,0.7329958027136465,0.7578286931483756,0.8426734006409697,0.6273128911771051,0.13350692728649155,0.2558347603200879,-0.4397915716795799,-0.20529515992673372,-0.01723833392517859,0.10159364214206205,0,0,1,0,1,0,0,0,0,0,0,1,0,0,0
0,1,1.2034247689982611,-1.4903507160782483,0.8517123563241672,-0.46989506101696377,0.7043324573575112,0.7620518842946131,0.8232220058482513,0.6273128911771051,-0.021609452530966113,0.5382869660816914,-0.36680054732546047,0.06330659010028837,0.30923873826835785,0.8329308606332004,0,0,1,0,1,0,0,0,0,0,0,0,1,0,0
0,1,1.1546453579372948,-1.5492583436331544,0.9821191334386888,-0.1706817235898468,0.8465889855025573,0.7480828674262906,0.8205455701596512,0.8278565507886977,-0.07069691449851602,0.7166778328784935,-0.3901951064133192,0.22291052852214205,0.3001699307074263,1.0445953250667634,0,0,1,0,1,0,0,0,0,0,0,0,0,1,0
0,0,1.034918429948669,0.5686088791216932,0.9909106015587689,-0.28215335910191,0.8720676064524412,0.8289732209195974,0.8392543320909537,0.8487130913883034,-0.14138285973178788,0.7315437384448935,-0.38738775932277614,0.21123219156444542,0.2820323155855632,0.6271054159081495,0,0,1,0,0,1,0,0,0,0,0,0,0,0,1
0,0,0.9861443400845024,1.1604925238925103,1.07369692635619,-0.1706817235898468,0.8766675804392773,1.0108953010651862,0.856399786129252,0.8487130913883034,-0.10014939167904596,0.9248005108080959,-0.35931428841734564,0.2929805502683217,0.390858006316742,0.25559778695406826,0,0,1,0,0,1,0,0,1,0,0,0,0,0,0
0,1,0.928494493958779,0.45079362401188194,0.5205670571344829,-0.1882825081443831,0.8596821083726455,0.9823075456137367,0.8513122581306326,0.8487130913883034,-0.4496521208880013,0.04275678053501874,-0.546470761120216,-0.36879187733448626,-0.3527842136796466,0.6504614947421978,0,0,1,0,1,0,0,0,0,1,0,0,0,0,0
0,1,1.1147363819410865,-0.4496515400416776,0.2788016838322799,0.2165355366099516,0.8638106077325773,0.8552869503692269,0.8178157371967233,0.8487130913883034,-0.3043532334640536,-0.2892484437812519,-0.7111684570987417,-0.6257152904038118,-0.6928644972145804,0.8519076746858647,0,0,1,0,1,0,0,0,0,0,1,0,0,0,0
0,1,1.2344633099297124,-0.4692829276931184,0.6583000576824047,0.09333004472819757,0.8652258573131619,0.7834927008832001,0.786016428089901,0.8487130913883034,0.11976243793557763,0.23105825104275426,-0.5090394665796418,-0.1313323591946552,-0.17140806246101525,0.9818258632002586,0,0,1,0,1,0,0,0,0,0,0,1,0,0,0
0,1,1.1723862280668098,0.06368635722250134,0.9418249045549882,-0.1882825081443831,0.8797350554637068,0.7726098621602053,0.7542696947608786,0.9473805719172069,0.02747800943658378,0.6225270976246255,-0.41452544786469236,0.25405276040933306,0.20494745131764486,0.9905843927630267,0,0,1,0,1,0,0,0,0,0,0,0,1,0,0
0,1,1.0304858730146902,0.5237313653752933,0.919113611911448,-0.31148800002613714,0.869590506836482,0.7383370417042054,0.7381576833549492,0.9225131581253695,-0.16101784451880785,0.5927952864918253,-0.4220117067728072,0.24237442345163643,0.1868098361957817,1.0730605461457599,0,0,1,0,0,1,0,0,0,0,0,0,0,1,0
0,0,1.0970008330083711,0.19553172614081796,0.26781234868217973,0.011193050140361533,0.753166824886402,0.682298543802216,0.7208528589901969,0.6369389868384615,-0.5183745676425712,-0.3041143493476521,-0.640048997471651,-0.5478597106858344,-0.5885732102638673,0.522003061154932,0,0,1,0,1,0,0,0,0,0,0,0,0,0,1
0,0,1.1679483499360315,0.8407082600230221,0.5227649241645029,0.01705997832520697,0.6644627133387766,0.7363878765597888,0.7105710084443031,0.4885366787258829,0.03140500639398778,0.2062817417654207,-0.5511496729377877,-0.21697349688443032,-0.11699521709542585,0.2811434981788086,0,0,1,0,1,0,0,0,1,0,0,0,0,0,0
0,1,1.0659622920769198,-1.178981827573747,1.2832269165514325,-0.2528187181776828,0.7872566698012318,0.8749410322420991,0.7333346772383832,0.6369389868384615,0.3436012645076052,1.2964481499681002,-0.29568108769836976,0.7017223437877032,0.8080231541195941,0.659220024304966,0,0,1,0,1,0,0,0,0,1,0,0,0,0,0
0,1,0.7954645739714166,-1.2771589627318254,0.3176306680293004,-0.5226974146805726,0.7935080435320406,0.73655030698849,0.7356931937706028,0.6369389868384615,-0.6460019687582009,-0.45277340501165386,-0.6194617854743353,-0.49725358386914903,-0.5613667875810726,0.941682602704238,0,0,1,0,1,0,0,0,0,0,1,0,0,0,0
0,1,0.9684034699549874,-0.27012128815520087,0.9660014418852086,0.20480168024026071,0.8430500358512236,0.746945854425381,0.772024699223038,0.9225131581253695,0.3023677964548633,0.39458321227315624,-0.4023602771390058,0.2618383183811308,0.286566719366029,0.9190564013337537,0,0,1,0,1,0,0,0,0,0,0,1,0,0,0
0,1,1.0260533160807108,0.8519310046097679,1.7989930462627992,-0.0005408062293293178,0.9810599895546438,1.086425450411346,0.8411889564146653,0.9225131581253695,0.32200278124188325,1.4797943186203693,-0.1225613504482147,1.1844269380391632,1.2251883019224463,0.27019533622534847,0,0,1,0,0,1,0,0,0,0,0,0,1,0,0
0,1,1.1103038250071071,0.781800632468116,1.238536953607692,0.04052769106458869,1.0324895317811877,1.2451199792526315,0.8815745472333507,0.9738523349859372,-0.4025281573991534,0.16168402506622012,-0.31065360551459936,0.4564772676760743,0.40899562143860513,0.524192693545624,0,0,1,0,1,0,0,0,0,0,0,0,0,1,0
0,0,1.0038798890172176,1.3792922833821601,0.07513267238375733,-0.2645525745473737,1.0014663361909153,0.9772722023239928,0.8736775011085762,0.9738523349859372,-0.7559578835655126,-1.1712921740543292,-0.7158473689163135,-0.9215664933321258,-1.100960837456501,1.2818055007250668,0,0,1,0,0,1,0,0,0,0,0,0,0,0,1
0,0,1.147866153214739,-0.5611922912793553,0.8949370745812277,0.140265470206961,1.0613890273007112,1.1052673801407102,0.875559549654489,0.9738523349859372,0.473192164101937,-0.22978482151565113,-0.3405986411470586,0.05552103212849062,-0.08071998685169958,0.3198270037477012,0,0,1,0,1,0,0,0,1,0,0,0,0,0,0
0,1,0.7732964681047224,-0.6095436719764213,-1.7029417549024453,-0.6811044756713993,0.5805955516412477,0.5135333283814423,0.7817232872339698,0.8960413950566393,-1.6414956974601131,-3.2128765385066202,-1.2773167870249242,-3.0197743667316175,-3.336421901226133,0.9657685590018503,0,0,1,0,1,0,0,0,0,1,0,0,0,0,0
0,1,0.7865994601034589,-0.6516205488013547,0.6553695683090447,-0.07094394444747448,0.6349736681106549,0.25997942917852795,0.7802396645041928,0.8960413950566393,5.521346752844769,-0.5072817254217878,2.065297815448339,-0.12743958020875631,0.11879377948879494,1.7956392350741301,0,0,1,0,1,0,0,0,0,0,1,0,0,0,0
0,1,0.8797204040946124,-0.31780617112336024,0.8751562713110475,0.06399540380397041,0.6203472205782882,0.17941393654262408,0.801121284752361,0.8743826798185872,-0.011791960137456124,-0.25456133079298476,2.3170232712336993,0.11391271691697367,0.46340846680419456,1.2372829754476622,0,0,1,0,1,0,0,0,0,0,0,1,0,0,0
0,1,0.8708499690298552,-0.04009878407880452,1.2927510070148527,-0.1120124417413925,0.5388382577151523,0.44937330904438194,0.8204395971075245,0.8743826798185872,0.09423695771245166,0.8752474922534287,2.7952080589895325,0.6005100901543325,1.2161194943615148,0.07823756330801372,0,0,1,0,1,0,0,0,0,0,0,0,1,0,0
0,1,0.8087675659701531,0.5517781283917205,1.1857881448872114,-0.20001636451407395,0.5303459345317724,0.5138581892388452,0.8404734329386766,0.8743826798185872,-0.20225131257154977,0.6671248143238262,2.672620569369153,0.44479893071837767,1.0664841696061438,0.8949704450361413,0,0,1,0,0,1,0,0,0,0,0,0,0,1,0
0,0,0.9462353640882933,0.4816544885503608,1.227547618457592,0.140265470206961,0.7158922555653205,1.1635799040445198,0.8629717583541759,0.8960413950566393,-0.12567487190217191,0.7216331347339601,2.7203454699083847,0.4681556046337709,0.8352295768023889,-1.6931750407618396,0,0,1,0,1,0,0,0,0,0,0,0,0,0,1
0,0,1.1590832360680732,0.652762632771559,0.9432901492416683,0.2576040339038696,0.7236777796582803,1.2274150625241775,0.8598451425681679,0.9489849211940997,-0.29649923954924556,0.3499854955739557,2.3946932074053904,0.12948383286056916,0.41353002521907095,0.6563005144507099,0,0,1,0,1,0,0,0,1,0,0,0,0,0,0
1,0,0.9684034699549874,0.9781616350845663,0.765262919810046,-0.39362499461397316,1.121074742547247,1.2030504982189647,0.8839601731509984,0.9489849211940997,-0.2474117775816957,0.12204161022248627,-0.6035534852945913,-0.10797568527926195,-0.3165089834359203,0.875263753519913,0,0,1,0,0,1,0,0,0,1,0,0,0,0,0
0,1,0.2589123370879885,1.628097905273206,1.0993387083730903,-1.2560634377862514,1.192557231864852,1.16016886504179,0.8936061853841298,1.1198481191831766,0.053003489659709725,0.5531528716480915,-0.5408560669391298,0.2774094343247262,0.03264010765994504,1.291293907751399,0,0,1,0,0,0,1,0,0,0,1,0,0,0,0
0,1,0.573751588123679,1.8309151838696736,-0.06479819519418445,0.5509504431461412,1.0412180051279558,0.882900123248468,0.8534588285585987,1.1198481191831766,-0.7795198653099367,-0.9582141942692598,-0.8730588059867245,-1.073384873782182,-1.3231466226993243,1.1847317980710534,0,0,1,0,0,0,0,1,0,0,0,1,0,0,0
0,1,0.758641892118915,1.9822707590341755,-0.5344091172751304,0.24587017753417878,0.747032700537415,0.4922549422215566,0.8114828204614811,0.9489849211940997,-0.5223015645999751,-1.5231186057924664,-0.8150402994488348,-1.6066955948503272,-1.7267085591607791,1.226334813494202,0,0,1,0,0,0,0,1,0,0,0,0,1,0,0
0,1,0.8442439850323827,1.7018839164734079,-1.057501470419897,0.05226154743427956,0.3858484569341552,0.04865744143798208,0.7640742558239364,0.7540564840516316,-0.6636734550665189,-2.216860865557808,-0.8824166296218681,-2.221754674622349,-2.2390961863534127,0.943142357631366,0,0,1,0,0,1,0,0,0,0,0,0,0,1,0
0,0,0.8974559530273277,0.7313083802781972,-1.1703253112942584,-0.0064077344141747535,-0.00022568361026232056,-0.3804837511911657,0.6982485605225708,-0.15480738130810642,-0.2984627380279476,-2.3011009971007423,-0.7083611100081987,-2.326859707241618,-2.1257360918417683,0.7657821339853115,0,0,1,0,1,0,0,0,0,0,0,0,0,0,1
0,0,0.8619795339650974,0.4620163685986278,0.07659791707043734,-0.15308093903531053,-0.13976896197596117,-0.6072366296583462,0.6702117055145175,-0.15480738130810642,1.6669992391527506,-0.5964771588201887,0.22835703586966705,-0.738605880994879,0.36365158363394734,1.0986062573705002,0,0,1,0,1,0,0,0,1,0,0,0,0,0,0
0,1,0.8141685807216393,0.31676025749866793,1.396050757425794,-0.17654865177469223,-0.038207877721635974,-0.28335035482771737,0.68518430123595,-0.15480738130810642,0.8501838720127203,1.212208018425166,1.1435521873867025,0.9080396300403434,2.5945782436231126,-0.06116903223271226,0,0,1,0,1,0,0,0,0,1,0,0,0,0,0
0,1,0.8486765419663616,0.45360099323364145,1.1769966767671312,-0.035742375338401904,-0.025704304560146142,0.0960871266187964,0.6919148222908004,-0.15480738130810642,-0.2572292699752057,0.5283763623707579,0.9910196621338634,0.6238667640697257,2.1638098844788636,-0.529020486377243,0,0,1,0,1,0,0,0,0,0,1,0,0,0,0
0,1,0.9684034699549874,0.3498091196320434,0.9330334364349082,0.11093082928273387,0.13495377093198863,0.5374106014005509,0.6868272942921809,1.232391204313178e-05,-0.2768642547622256,0.22114764733182088,0.8225788367012801,0.3241227821555127,1.3793580304582829,-1.0501529953619464,0,0,1,0,1,0,0,0,0,0,0,1,0,0,0
0,1,0.4584572170690319,0.43116223636044115,0.9696645536019086,-0.9275154594349073,0.37711915788751504,1.0118698836373945,0.7030715666391368,0.9377544762558505,-0.12567487190217191,0.2657453640310214,0.8478449605161676,0.3513722350568048,0.9939337091186913,-1.162554124750804,0,0,1,0,0,1,0,0,0,0,0,0,1,0,0
0,1,-0.11800399581060517,-0.3682984233132799,0.9857822451553888,-1.197394155937797,0.7061019321831781,1.213446045655855,0.7286439320628437,0.9778632081781691,-0.13745586277438387,0.2855665714528883,0.8590743488783399,0.3396938980991082,0.4996836970479208,0.07969731823514174,0,0,1,0,0,1,0,0,0,0,0,0,0,1,0
0,0,0.0017229321780210518,0.4928705008368145,0.1608494865545384,0.18720089568572446,0.9204296736545556,0.9395883428652633,0.7106506936075301,0.9778632081781691,-0.6086954976628629,-0.7550468181951241,-0.6063608323851344,-0.6685358592486994,-0.9105158786769381,1.3942066301139244,0,0,1,0,0,1,0,0,0,0,0,0,0,0,1
0,0,0.085973441104417,0.3357857381238295,0.9674666865718886,0.09333004472819757,1.0638661269166703,0.8931332402566577,0.7115781631877731,0.9778632081781691,0.443739686921407,0.2657453640310214,-0.3546353765997739,0.3358011191132093,0.014502492538081899,1.1759732685082853,0,0,1,0,1,0,0,0,1,0,0,0,0,0,0
0,1,0.3076917481489541,0.3021242366638833,0.7850437230802263,0.3866764539704691,0.9654897670685966,0.8603222936589714,0.7067288691823072,0.9754566842628299,-0.2493752760603977,0.28061126959742155,-0.4182685773187498,0.11391271691697367,-0.11246081331496006,0.9329240731414699,0,0,1,0,0,1,0,0,0,1,0,0,0,0,0
0,1,0.3742067081426356,1.5896766675068235,0.6114122277086441,0.04052769106458869,0.8744266309867063,0.7808938140239776,0.7191572901561663,0.9377544762558505,-0.2513387745390997,0.27565596774195483,-0.47909443094718257,-0.1157612432510597,-0.2439585229484678,0.9694179463196704,0,0,1,0,0,1,0,0,0,0,1,0,0,0,0
0,1,0.5515781610601853,1.715907297981622,0.8055571486937466,0.2517371057190242,0.8539022092687407,0.7409359285634287,0.7293857434277322,0.798176089166182,-0.02553644948837011,0.5531528716480915,-0.41078231841063495,0.11391271691697367,0.04624331900134238,0.9854752505180786,0,0,1,0,0,1,0,0,0,0,0,1,0,0,0
0,1,0.7289496139777356,1.729930679489835,0.14766228437441825,0.2341363211644879,0.7215540795875311,0.7380121808468029,0.6883109170219579,0.7757151992896836,-0.5360460539508891,-0.3784438771796529,-0.6409847798351654,-0.6646430802628005,-0.7246053236778409,0.16363322654500295,0,0,1,0,0,1,0,0,0,0,0,0,1,0,0
0,1,0.626963556118624,2.203999069150841,0.6685567704891648,-0.27628643091706456,0.6704787626060694,0.6717405659366238,0.7010046813743986,0.6481694317767107,0.2356088481789954,0.3797173067067561,-0.4538283071322951,-0.022334547589486796,0.08705295302553445,0.9672283139289783,0,0,0,1,0,1,0,0,0,0,0,0,0,1,0
0,0,0.6136605641198875,1.463446037032026,0.993108468588789,-0.11787936992623793,0.8044782920312518,0.7178708076878269,0.7019847267324398,0.7757151992896836,0.053003489659709725,0.8405603792651616,-0.33966285878354424,0.3825144669439958,0.3727203911948788,0.7854888255015398,0,0,0,1,0,1,0,0,0,0,0,0,0,0,1
0,0,0.7599934761059864,1.345630781922214,-0.7651851554272333,0.16960011113118814,0.5255098103815481,0.41266403215786146,0.6092353042186177,0.6481694317767107,-1.1309860929975941,-1.676732963311935,-0.9563434363395018,-1.762406754286282,-1.8899470952575472,0.6125078666368693,0,0,0,1,0,1,0,0,1,0,0,0,0,0,0
0,1,0.8398114280984039,1.3680695387954143,1.4531953002063147,0.046394619249434124,0.6330861182032941,0.5562525311299154,0.6170000894023647,0.6481694317767107,2.3345887219114294,1.4550178093430355,0.5465230394645465,1.0832146844057924,1.293204358629433,0.805925394481332,0,0,0,1,0,1,0,0,0,1,0,0,0,0,0
0,1,0.7732964681047224,1.6177301628235428,1.1506222724068909,-0.2058832926989194,0.7199026798435584,0.7786197880221576,0.655902057491274,0.798176089166182,-0.29649923954924556,0.42927032526142334,0.3855684729400781,0.6394378800133212,0.7173350785102784,0.15049543220085077,0,0,0,1,0,1,0,0,0,0,1,0,0,0,0
0,1,0.7644260330399653,1.3708769080171737,0.8722257819376874,-0.1120124417413925,0.7306367781793814,0.8237754472011523,0.6550805609631585,0.8711739812648017,-0.29649923954924556,0.08239919537875258,0.23677907714129623,0.28908777128242286,0.3047043344878921,0.6694383087948621,0,0,0,1,0,1,0,0,0,0,0,1,0,0,0
0,1,0.6668725321148324,0.3638392334405488,0.4985883868342827,-0.2645525745473737,0.7871385947195377,0.7141349078276946,0.7347123269160334,0.8711739812648017,-0.3632581878251135,-0.3833991790351196,0.03745743371273931,-0.2753651816729134,-0.2983713683140572,0.9927740251537187,0,0,0,1,1,0,0,0,0,0,0,0,1,0,0
0,1,0.3875097001413716,0.01600147425434121,0.34253982770286073,-0.5931005528987178,0.7346472024576193,0.9597297160242393,0.7233970337377703,0.8711739812648017,-0.2493752760603977,-0.5816112532537888,-0.04582719664003793,-0.4544330150242615,-0.46160990441082544,-0.7589318873999062,0,0,0,1,1,0,0,0,0,0,0,0,0,1,0
0,0,-0.432843246846296,0.7313083802781972,1.0253438516957494,-1.6960830516496588,0.7398375518529257,0.8648703456626107,0.7288295902781983,0.8711739812648017,0.32200278124188325,0.2707006658864881,0.31819214276704477,0.38640724592989467,0.5087525046088525,1.4511370722719172,0,0,0,1,0,1,0,0,0,0,0,0,0,0,1
0,0,-0.7166386357537357,0.9865770104495526,1.2912857623281726,-0.8571123212167621,1.0709432005194657,0.8960569879732835,0.7287761930038704,1.0388284807000931,-1.0969265244163203e-05,0.6027058902027587,-0.32656190569434335,0.7172934597312987,0.4271332365604683,1.149697679819981,0,0,0,1,0,1,0,0,1,0,0,0,0,0,0
0,1,-0.5703057237676372,0.7789932632463565,-0.740275995753673,0.3573418130462419,0.7177798054726815,0.5385476144014605,0.6591083584405089,0.8711739812648017,-1.193818044316058,-1.8353026226868705,-0.9900316014260185,-1.762406754286282,-1.9987727859887263,0.872344243665657,0,0,0,1,0,1,0,0,0,1,0,0,0,0,0
0,1,-0.03818604381818769,0.436770242503668,-0.3820236698604085,1.4309896708729557,0.4710136188304468,0.34330623910235564,0.6008880779964362,0.4620649156571527,0.24738983905120743,-1.369504248272998,-0.448213612951209,-1.2602382651053277,-1.2551305659923377,0.5001067372480117,0,0,0,1,1,0,0,0,0,0,1,0,0,0,0
0,1,0.25004190202323073,0.018808843476100724,0.09564609799727758,0.562684299515832,0.34597871291542065,0.2885671846299775,0.5702273630775817,0.29120171766807573,0.29058680558265126,-0.7500915163396574,-0.19648815716584853,-0.6140369534461151,-0.3573186174601124,0.34464283750887753,0,0,0,1,1,0,0,0,0,0,0,1,0,0,0
0,1,0.015025924176757298,-0.16352877763213552,0.7447494941965258,-0.5754997683441815,0.3856123067707671,0.22635633043733422,0.5694855517126935,0.29120171766807573,0.3396742675502012,0.09726510094515277,0.14413662315337536,0.2306960864939398,0.622112599120497,1.0248886335505352,0,0,0,1,1,0,0,0,0,0,0,0,1,0,0
0,1,0.10370899003713231,0.2628547290607103,1.0158197612323292,0.10506390109788843,0.4940151401643715,0.16528248924560096,0.5664649089788129,0.7315955941751332,0.01569701856437182,0.4490915326832903,0.28731132477107113,0.5888317531966359,0.8669704032656493,1.289834152824271,0,0,0,1,1,0,0,0,0,0,0,0,0,1,0
0,0,0.1613588361628557,0.3778626149487628,0.9711297982885887,0.028793834694897838,0.4852858411177313,0.5447199706921148,0.6039358301157447,0.7315955941751332,-0.1727988353910198,0.3896279104176895,0.2639167656832123,0.4798339415914676,0.8125575579000599,-0.7341160536387299,0,0,0,1,1,0,0,0,0,0,0,0,0,0,1
0,0,0.26334489402196726,0.55458549761348,1.1323067138233907,0.12266468565242471,0.45968914508615344,0.8804636668179467,0.6642229958245556,0.7315955941751332,-0.05695242514760205,0.9693982275072964,0.34813717839950403,0.6044028691402314,1.107293803630336,-0.37720597395592875,0,0,0,1,1,0,0,0,1,0,0,0,0,0,0
1,0,0.4229807980068022,0.5966623744384125,1.4429385873995546,0.22826939297964247,0.8112019660888369,1.1791732251998557,0.7546664775839584,0.9794675574550618,0.019624015521775815,1.2270739239915662,0.1628522704236624,0.8691118401813547,0.9939337091186913,0.09867413228780601,0,0,0,1,1,0,0,0,0,1,0,0,0,0,0
0,1,0.4008126921401081,1.1015848963376043,1.5176660664202355,-0.13548015448077422,1.117064318269009,1.3505373274798524,0.8518946991690663,1.0284002104002905,-0.10996688407255593,0.9000240015307622,-0.12724026226578647,0.8301840503223659,0.662922233144689,0.7453455650055192,0,0,0,1,0,1,0,0,0,0,1,0,0,0,0
0,1,0.2766478860207032,1.7579841748065543,1.2290128631442718,-0.33495571276551883,1.299543989978,1.3978045822319651,0.8935790759987025,1.1559459779132633,-0.2866817471557356,0.454046834538757,-0.4978100782174696,0.43312059376068107,0.0734497416841371,1.015400226524203,0,0,0,1,0,0,1,0,0,0,0,1,0,0,0
0,1,0.5205396201287341,1.6934685411084216,0.8231400849339068,0.39841031034015995,1.3121656382211837,1.364993635634279,0.8728560045804608,1.1559459779132633,-0.3593311908677095,-0.046438652863382265,-0.6756087272851964,-0.026227326575385672,-0.4389378855084965,0.9708777012467984,0,0,0,1,0,1,0,0,0,0,0,0,1,0,0
0,1,0.31655686201691224,0.4788471193286013,-0.7498000862170932,-0.4757619892018092,1.0278887320944796,0.9477098643003342,0.8031618821281995,1.1559459779132633,-1.072081138636534,-1.9790063764954056,-1.0770593612328532,-1.8636190079196528,-2.2164241674510836,1.1314507432308807,0,0,0,1,0,1,0,0,0,0,0,0,0,1,0
0,0,0.08154088417043823,-1.089220067780654,-0.3856867815771085,-0.5637659119744907,0.8094324912631701,0.5422835142615935,0.7554616862231741,1.1559459779132633,0.2572073314447173,-1.528073907647933,-0.4435347011336373,-1.3848071926540917,-1.563470023064011,1.440918787782021,0,0,0,1,1,0,0,0,0,0,0,0,0,0,1
0,0,0.10814686816791072,-1.066774578607162,0.14986015140443826,-0.035742375338401904,0.6512515153869944,0.2390259038760448,0.7258081260477889,0.8174282804888949,0.34556476298630723,-0.8739740627263256,-0.16092842735230314,-0.6996780911358903,-0.6429860556294569,1.5153662890655502,0,0,0,1,1,0,0,0,1,0,0,0,0,0,0
0,1,0.22787379615653724,-0.44123616467669124,1.3022750974782729,0.1637331829463427,0.628604219298152,0.25526894674618666,0.7372565016636068,0.8174282804888949,0.7009579876313685,0.543242267937158,0.4482658912955396,0.7211862387171976,1.080087380947541,1.22779456842133,0,0,0,1,1,0,0,0,0,1,0,0,0,0,0
0,1,0.21900336109177945,0.3806699841705223,1.1733335650504313,-0.1120124417413925,0.5731642527933702,0.33291069166546466,0.7738796383835234,0.8174282804888949,-0.21403230344376176,0.6373930031910258,0.3808895611225062,0.5148689524645574,0.980330497777294,0.8234424536068683,0,0,0,1,0,1,0,0,0,0,1,0,0,0,0
0,1,0.2681658983223097,1.6837067056850374,0.8282684413372868,0.005326121955516117,0.5086415876967383,0.6827858350883206,0.7688446861627036,0.8174282804888949,-0.3298787136871795,0.1914158361990205,0.1984120002372078,0.09444882198747934,0.558630946193976,-0.743604460665062,0,0,0,1,0,0,1,0,0,0,0,1,0,0,0
0,1,-0.08253289794517484,-0.05973690403053749,0.9586752184518085,-0.8101768957379986,0.5304640096134664,0.9808456717554238,0.7751250271201461,0.8230435029580195,-0.07069691449851602,0.3598960992848892,0.2667241127737554,0.2501599814234342,0.7218694822907443,-0.3808553612737488,0,0,0,1,1,0,0,0,0,0,0,0,1,0,0
0,1,-0.33972230285514227,-0.4776983030581048,-0.7439391074703731,-0.69283833204109,0.5314069588672747,0.7826805487396931,0.7260997573152703,0.8230435029580195,-1.1074241112531702,-1.8452132263978038,-0.7935173050880047,-1.8091201021170686,-1.8627406725747528,0.1526850645915428,0,0,0,1,1,0,0,0,0,0,0,0,0,1,0
