,pred_Y,pred_Y_ratio,raw_Y,raw_lag,target_Y_ratio,cost,revenue,profit,benchmark_profit
365,2249.801993370056,-0.24981593,2294,2999.0,-0.235,4499.603986740112,6749.4059801101685,2249.801993370056,884.0
366,2141.020855009556,-0.1384222,1951,2485.0,-0.215,4282.041710019112,5853.0,1570.9582899808884,883.0
367,1952.7055435180664,-0.14877704,2236,2294.0,-0.025,3905.411087036133,5858.116630554199,1952.7055435180664,2120.0
368,1769.8652914762497,-0.09284197,2368,1951.0,0.214,3539.7305829524994,5309.595874428749,1769.8652914762497,1951.0
369,3242.454930305481,0.45011407,3272,2236.0,0.463,6484.909860610962,9727.364790916443,3242.454930305481,2236.0
370,2753.989616394043,0.16300233,4098,2368.0,0.731,5507.979232788086,8261.968849182129,2753.989616394043,2368.0
371,3215.910212993622,-0.01714236,4521,3272.0,0.382,6431.820425987244,9647.730638980865,3215.910212993622,3272.0
372,2921.490754365921,-0.28709352,3425,4098.0,-0.164,5842.981508731842,8764.472263097763,2921.490754365921,2079.0
373,1923.9917804002762,-0.57443225,2376,4521.0,-0.474,3847.9835608005524,5771.975341200829,1923.9917804002762,-1914.0
374,3595.383033156395,0.049746834,3598,3425.0,0.051,7190.76606631279,10786.149099469185,3595.383033156395,3425.0
375,1754.715651512146,-0.26148334,2177,2376.0,-0.084,3509.431303024292,5264.146954536438,1754.715651512146,1779.0
376,3325.87872338295,-0.07563129,4097,3598.0,0.139,6651.7574467659,9977.63617014885,3325.87872338295,3598.0
377,2628.5162103176117,0.20740294,3214,2177.0,0.476,5257.032420635223,7885.548630952835,2628.5162103176117,2177.0
378,2610.910955488682,-0.36272615,2493,4097.0,-0.392,5221.821910977364,7479.0,2257.1780890226364,-715.0
379,2667.8109409809113,-0.16994058,2311,3214.0,-0.281,5335.6218819618225,6933.0,1597.3781180381775,505.0
380,2190.9805864691734,-0.12114699,2298,2493.0,-0.078,4381.961172938347,6572.94175940752,2190.9805864691734,1908.0
381,3254.9095091819763,0.40844202,2935,2311.0,0.27,6509.819018363953,8805.0,2295.1809816360474,2311.0
382,2452.149614095688,0.06707992,3376,2298.0,0.469,4904.299228191376,7356.448842287064,2452.149614095688,2298.0
383,2307.630965411663,-0.21375434,3292,2935.0,0.122,4615.261930823326,6922.892896234989,2307.630965411663,2935.0
384,3183.7783432006836,-0.05693769,3163,3376.0,-0.063,6367.556686401367,9489.0,3121.443313598633,2737.0
385,1372.5832686424255,-0.5830549,1301,3292.0,-0.605,2745.166537284851,3903.0,1157.833462715149,-2681.0
386,1633.0686603188515,-0.48369628,1977,3163.0,-0.375,3266.137320637703,4899.205980956554,1633.0686603188515,-395.0
387,3000.3556895256042,1.306192,2432,1301.0,0.869,6000.7113790512085,7296.0,1295.2886209487915,1301.0
388,2781.1319518089294,0.4067435,4339,1977.0,1.195,5562.263903617859,8343.395855426788,2781.1319518089294,1977.0
389,2265.898292541504,-0.068298414,4270,2432.0,0.756,4531.796585083008,6797.694877624512,2265.898292541504,2432.0
390,2916.273226261139,-0.32789278,4075,4339.0,-0.061,5832.546452522278,8748.819678783417,2916.273226261139,3547.0
391,3800.7964915037155,-0.109883726,3456,4270.0,-0.191,7601.592983007431,10368.0,2766.407016992569,1828.0
392,3046.096757054329,-0.2524916,4023,4075.0,-0.013,6092.193514108658,9138.290271162987,3046.096757054329,3919.0
393,3046.4572219848633,-0.11850195,3243,3456.0,-0.062,6092.914443969727,9139.37166595459,3046.4572219848633,2817.0
394,3570.7498358488083,-0.11241612,3624,4023.0,-0.099,7141.499671697617,10712.249507546425,3570.7498358488083,2826.0
395,3625.9578602313995,0.118087545,4509,3243.0,0.39,7251.915720462799,10877.873580694199,3625.9578602313995,3243.0
396,3932.503257751465,0.08512783,4579,3624.0,0.264,7865.00651550293,11797.509773254395,3932.503257751465,3624.0
397,3086.1174598932266,-0.31556502,3761,4509.0,-0.166,6172.234919786453,9258.35237967968,3086.1174598932266,2265.0
398,3673.120775103569,-0.1978334,4151,4579.0,-0.093,7346.241550207138,11019.362325310707,3673.120775103569,3295.0
399,2007.0546643733978,-0.4663508,2832,3761.0,-0.247,4014.1093287467957,6021.1639931201935,2007.0546643733978,974.0
400,2677.954829752445,-0.35486513,2947,4151.0,-0.29,5355.90965950489,8033.864489257336,2677.954829752445,539.0
401,3041.706081390381,0.07404877,3784,2832.0,0.336,6083.412162780762,9125.118244171143,3041.706081390381,2832.0
402,3295.2294921875,0.118164,4375,2947.0,0.485,6590.458984375,9885.6884765625,3295.2294921875,2947.0
403,2279.4272623062134,-0.39761436,2802,3784.0,-0.26,4558.854524612427,6838.28178691864,2279.4272623062134,838.0
404,3741.1682680249214,-0.14487584,3830,4375.0,-0.125,7482.336536049843,11223.504804074764,3741.1682680249214,2740.0
405,2727.7056183815002,-0.026514787,3831,2802.0,0.367,5455.4112367630005,8183.116855144501,2727.7056183815002,2802.0
406,1452.0190691947937,-0.62088275,2169,3830.0,-0.434,2904.0381383895874,4356.057207584381,1452.0190691947937,-1153.0
407,2443.4799919724464,-0.3621822,1529,3831.0,-0.601,4886.959983944893,4587.0,-299.9599839448929,-3075.0
408,4457.78072977066,1.0552241,3422,2169.0,0.578,8915.56145954132,10266.0,1350.4385404586792,2169.0
409,3337.745162010193,1.1829594,3922,1529.0,1.565,6675.490324020386,10013.235486030579,3337.745162010193,1529.0
410,3652.92950463295,0.06748382,4169,3422.0,0.218,7305.8590092659,10958.78851389885,3652.92950463295,3422.0
411,2692.290113210678,-0.3135415,3005,3922.0,-0.234,5384.580226421356,8076.870339632034,2692.290113210678,1171.0
412,3930.337079167366,-0.05724706,4154,4169.0,-0.004,7860.674158334732,11791.011237502098,3930.337079167366,4124.0
413,3128.3142840862274,0.041036367,4318,3005.0,0.437,6256.628568172455,9384.942852258682,3128.3142840862274,3005.0
414,2968.907804250717,-0.28528944,2689,4154.0,-0.353,5937.815608501434,8067.0,2129.1843914985657,-241.0
415,3484.7046757936478,-0.19298178,3129,4318.0,-0.275,6969.4093515872955,9387.0,2417.5906484127045,751.0
416,2908.286673426628,0.081549555,3777,2689.0,0.405,5816.573346853256,8724.860020279884,2908.286673426628,2689.0
417,3522.7808017730713,0.12584873,4773,3129.0,0.525,7045.561603546143,10568.342405319214,3522.7808017730713,3129.0
418,4035.41668510437,0.06841856,5062,3777.0,0.34,8070.83337020874,12106.25005531311,4035.41668510437,3777.0
419,3229.0333260297775,-0.3234793,3487,4773.0,-0.269,6458.066652059555,9687.099978089333,3229.0333260297775,915.0
420,3700.2577652931213,-0.2690127,2732,5062.0,-0.46,7400.515530586243,8196.0,795.4844694137573,-1928.0
421,3233.6662788391113,-0.07265091,3389,3487.0,-0.028,6467.332557678223,9700.998836517334,3233.6662788391113,3193.0
422,4054.8142099380493,0.48419258,4322,2732.0,0.582,8109.628419876099,12164.442629814148,4054.8142099380493,2732.0
423,3576.473906993866,0.05531834,4363,3389.0,0.287,7152.947813987732,10729.421720981598,3576.473906993866,3389.0
424,2889.4123663902283,-0.33146405,1834,4322.0,-0.576,5778.8247327804565,5502.0,-276.82473278045654,-3142.0
425,4758.480300664902,0.09064415,4990,4363.0,0.144,9516.960601329803,14275.440901994705,4758.480300664902,4363.0
426,2564.461962223053,0.39828897,3194,1834.0,0.742,5128.923924446106,7693.385886669159,2564.461962223053,1834.0
427,4014.8546612262726,-0.19541992,4066,4990.0,-0.185,8029.709322452545,12044.563983678818,4014.8546612262726,2218.0
428,2957.2164096832275,-0.07413384,3423,3194.0,0.072,5914.432819366455,8871.649229049683,2957.2164096832275,3194.0
429,3443.1211519241333,-0.15319207,3333,4066.0,-0.18,6886.242303848267,9999.0,3112.7576961517334,1867.0
430,3515.040524482727,0.026888806,3956,3423.0,0.156,7030.081048965454,10545.121573448181,3515.040524482727,3423.0
431,3879.934344649315,0.16409667,4916,3333.0,0.475,7759.86868929863,11639.803033947945,3879.934344649315,3333.0
432,4426.918516159058,0.11903912,5382,3956.0,0.36,8853.837032318115,13280.755548477173,4426.918516159058,3956.0
433,4369.322462797165,-0.111203715,4569,4916.0,-0.071,8738.64492559433,13107.967388391495,4369.322462797165,3875.0
434,3814.767791032791,-0.29119882,4118,5382.0,-0.235,7629.535582065582,11444.303373098373,3814.767791032791,1590.0
435,4527.0418311953545,-0.009183247,4911,4569.0,0.075,9054.083662390709,13581.125493586063,4527.0418311953545,4569.0
436,4418.744391918182,0.07303164,5298,4118.0,0.287,8837.488783836365,13256.233175754547,4418.744391918182,4118.0
437,5178.518867969513,0.054473378,5847,4911.0,0.191,10357.037735939026,15535.556603908539,5178.518867969513,4911.0
438,5437.025789022446,0.02624116,6312,5298.0,0.191,10874.051578044891,16311.077367067337,5437.025789022446,5298.0
439,5312.634922742844,-0.09139131,6192,5847.0,0.059,10625.269845485687,15937.90476822853,5312.634922742844,5847.0
440,3068.430733680725,-0.51387346,4378,6312.0,-0.306,6136.86146736145,9205.292201042175,3068.430733680725,510.0
441,4712.077537536621,-0.23900558,7836,6192.0,0.266,9424.155075073242,14136.232612609863,4712.077537536621,6192.0
442,2951.3013134002686,-0.32587913,5892,4378.0,0.346,5902.602626800537,8853.903940200806,2951.3013134002686,4378.0
443,5767.653780698776,-0.26395434,6153,7836.0,-0.215,11535.307561397552,17302.96134209633,5767.653780698776,2787.0
444,5104.340665340424,-0.13368282,6093,5892.0,0.034,10208.681330680847,15313.02199602127,5104.340665340424,5892.0
445,4876.9112956523895,-0.20739292,6230,6153.0,0.013,9753.822591304779,14630.733886957169,4876.9112956523895,6153.0
446,5635.8249653577805,-0.075032845,6871,6093.0,0.128,11271.649930715561,16907.47489607334,5635.8249653577805,6093.0
447,5873.009665608406,-0.057301823,8362,6230.0,0.342,11746.019331216812,17619.02899682522,5873.009665608406,6230.0
448,3964.7186818122864,-0.4229779,3372,6871.0,-0.509,7929.437363624573,10116.0,2186.5626363754272,-3626.0
449,3510.0330262184143,-0.58024,4996,8362.0,-0.403,7020.066052436829,10530.099078655243,3510.0330262184143,-1736.0
450,7061.297155380249,1.0940976,5558,3372.0,0.648,14122.594310760498,16674.0,2551.405689239502,3372.0
451,5058.621762275696,0.012534335,5102,4996.0,0.021,10117.243524551392,15175.865286827087,5058.621762275696,4996.0
452,6773.526271820068,0.21869844,5698,5558.0,0.025,13547.052543640137,17094.0,3546.9474563598633,5558.0
453,5746.055269479752,0.12623584,6133,5102.0,0.202,11492.110538959503,17238.165808439255,5746.055269479752,5102.0
454,4617.831782817841,-0.1895697,5459,5698.0,-0.042,9235.663565635681,13853.495348453522,4617.831782817841,4981.0
455,5527.289878189564,-0.09876247,6235,6133.0,0.017,11054.579756379128,16581.86963456869,5527.289878189564,6133.0
456,4793.131941854954,-0.12197618,6041,5459.0,0.107,9586.263883709908,14379.395825564861,4793.131941854954,5459.0
457,5943.311895728111,-0.046782393,5936,6235.0,-0.048,11886.623791456223,17808.0,5921.3762085437775,5338.0
458,6457.211871743202,0.068897896,6772,6041.0,0.121,12914.423743486404,19371.635615229607,6457.211871743202,6041.0
459,6411.5885887146,0.08011937,6436,5936.0,0.084,12823.1771774292,19234.7657661438,6411.5885887146,5936.0
460,6305.53803563118,-0.06888099,6457,6772.0,-0.047,12611.07607126236,18916.61410689354,6305.53803563118,5827.0
461,6381.948576927185,-0.008398291,6460,6436.0,0.004,12763.89715385437,19145.845730781555,6381.948576927185,6436.0
462,6870.111055016518,0.06397884,6857,6457.0,0.062,13740.222110033035,20571.0,6830.777889966965,6457.0
463,6907.220153808594,0.06922914,5169,6460.0,-0.2,13814.440307617188,15507.0,1692.5596923828125,2587.0
464,6732.351505458355,-0.018178288,5585,6857.0,-0.186,13464.70301091671,16755.0,3290.29698908329,3041.0
465,5624.644395232201,0.088149436,5918,5169.0,0.145,11249.288790464401,16873.933185696602,5624.644395232201,5169.0
466,5343.150343000889,-0.04330345,4862,5585.0,-0.129,10686.300686001778,14586.0,3899.6993139982224,3416.0
467,6247.278120279312,0.055640154,5409,5918.0,-0.086,12494.556240558624,16227.0,3732.4437594413757,4391.0
468,5805.4627640247345,0.19404832,6398,4862.0,0.316,11610.925528049469,17416.388292074203,5805.4627640247345,4862.0
469,6011.941788554192,0.11147015,7460,5409.0,0.379,12023.883577108383,18035.825365662575,6011.941788554192,5409.0
470,6876.636085033417,0.07481028,7132,6398.0,0.115,13753.272170066833,20629.90825510025,6876.636085033417,6398.0
471,7151.4831483364105,-0.041356135,6370,7460.0,-0.146,14302.966296672821,19110.0,4807.033703327179,4190.0
472,7411.161684036255,0.039142177,6691,7132.0,-0.062,14822.32336807251,20073.0,5250.67663192749,5809.0
473,5366.851631402969,-0.1574801,4367,6370.0,-0.314,10733.703262805939,13101.0,2367.2967371940613,361.0
474,6663.056251943111,-0.0041763,6565,6691.0,-0.019,13326.112503886223,19695.0,6368.887496113777,6313.0
475,5728.271928906441,0.31171787,7290,4367.0,0.669,11456.543857812881,17184.815786719322,5728.271928906441,4367.0
476,6682.821000218391,0.01794681,6624,6565.0,0.009,13365.642000436783,19872.0,6506.357999563217,6565.0
477,2381.529387831688,-0.6733156,1027,7290.0,-0.859,4763.058775663376,3081.0,-1682.0587756633759,-11499.0
478,4117.483348846436,-0.37839928,3214,6624.0,-0.515,8234.966697692871,9642.0,1407.033302307129,-3606.0
479,4114.7403926849365,3.0065632,5633,1027.0,4.485,8229.480785369873,12344.22117805481,4114.7403926849365,1027.0
480,4587.994225978851,0.42750293,6196,3214.0,0.928,9175.988451957703,13763.982677936554,4587.994225978851,3214.0
481,5500.773431956768,-0.02347358,5026,5633.0,-0.108,11001.546863913536,15078.0,4076.453136086464,3812.0
482,6432.433243274689,0.038159065,6233,6196.0,0.006,12864.866486549377,18699.0,5834.133513450623,6196.0
483,4894.520430326462,-0.026159871,4220,5026.0,-0.16,9789.040860652924,12660.0,2870.9591393470764,2608.0
484,6266.160752892494,0.0053202286,6304,6233.0,0.011,12532.321505784988,18798.482258677483,6266.160752892494,6233.0
485,4825.954215526581,0.14359108,5572,4220.0,0.32,9651.908431053162,14477.862646579742,4825.954215526581,4220.0
486,6656.848114013672,0.05597206,5740,6304.0,-0.089,13313.696228027344,17220.0,3906.3037719726562,4612.0
487,5193.017545938492,-0.068015516,6169,5572.0,0.107,10386.035091876984,15579.052637815475,5193.017545938492,5572.0
488,5079.501705169678,-0.11506936,6421,5740.0,0.119,10159.003410339355,15238.505115509033,5079.501705169678,5740.0
489,6201.38049018383,0.0052488707,6296,6169.0,0.021,12402.76098036766,18604.14147055149,6201.38049018383,6169.0
490,5673.311598658562,-0.116444215,6883,6421.0,0.072,11346.623197317123,17019.934795975685,5673.311598658562,6421.0
491,5142.756296634674,-0.18317084,6359,6296.0,0.01,10285.512593269348,15428.268889904022,5142.756296634674,6296.0
492,5648.518232822418,-0.1793523,6273,6883.0,-0.089,11297.036465644836,16945.554698467255,5648.518232822418,5053.0
493,6074.96819716692,-0.044666085,5728,6359.0,-0.099,12149.93639433384,17184.0,5034.063605666161,4466.0
494,5597.291399538517,-0.10771698,4717,6273.0,-0.248,11194.582799077034,14151.0,2956.417200922966,1605.0
495,5628.628997802734,-0.017348286,6572,5728.0,0.147,11257.257995605469,16885.886993408203,5628.628997802734,5728.0
496,5899.67896771431,0.25072694,7030,4717.0,0.49,11799.35793542862,17699.03690314293,5899.67896771431,4717.0
497,6945.269281864166,0.056796927,7429,6572.0,0.13,13890.538563728333,20835.8078455925,6945.269281864166,6572.0
498,7211.677298545837,0.025843125,6118,7030.0,-0.13,14423.354597091675,18354.0,3930.645402908325,4294.0
499,5459.071272909641,-0.26516742,2843,7429.0,-0.617,10918.142545819283,8529.0,-2389.1425458192825,-6329.0
500,5622.0556399822235,-0.08106314,5115,6118.0,-0.164,11244.111279964447,15345.0,4100.888720035553,3109.0
501,7088.2701325416565,1.493236,7424,2843.0,1.611,14176.540265083313,21264.81039762497,7088.2701325416565,2843.0
502,5530.3239941596985,0.0811973,7384,5115.0,0.444,11060.647988319397,16590.971982479095,5530.3239941596985,5115.0
503,7486.60205078125,0.0084323585,7639,7424.0,0.029,14973.2041015625,22459.80615234375,7486.60205078125,7424.0
504,7819.326022148132,0.058955267,8294,7384.0,0.123,15638.652044296265,23457.978066444397,7819.326022148132,7384.0
505,7804.4860109090805,0.02166329,7129,7639.0,-0.067,15608.972021818161,21387.0,5778.027978181839,6109.0
506,6378.185315132141,-0.23098801,4359,8294.0,-0.474,12756.370630264282,13077.0,320.6293697357178,-3511.0
507,6600.174129605293,-0.074179515,6073,7129.0,-0.148,13200.348259210587,18219.0,5018.651740789413,3961.0
508,4726.751236796379,0.084365994,5260,4359.0,0.207,9453.502473592758,14180.253710389137,4726.751236796379,4359.0
509,6228.364285945892,0.025582768,6770,6073.0,0.115,12456.728571891785,18685.092857837677,6228.364285945892,6073.0
510,5750.51525592804,0.09325388,6734,5260.0,0.28,11501.03051185608,17251.54576778412,5750.51525592804,5260.0
511,6804.964499473572,0.005164627,6536,6770.0,-0.035,13609.928998947144,19608.0,5998.071001052856,6068.0
512,6713.0629361867905,-0.0031091534,6591,6734.0,-0.021,13426.125872373581,19773.0,6346.874127626419,6305.0
513,6424.905013561249,-0.016997386,6043,6536.0,-0.075,12849.810027122498,18129.0,5279.189972877502,5057.0
514,6762.254580259323,0.025983151,5743,6591.0,-0.129,13524.509160518646,17229.0,3704.4908394813538,4047.0
515,5627.162163794041,-0.068813145,6855,6043.0,0.134,11254.324327588081,16881.486491382122,5627.162163794041,6043.0
516,6429.739899396896,0.119578645,7338,5743.0,0.278,12859.479798793793,19289.21969819069,6429.739899396896,5743.0
517,5872.588631808758,-0.1433131,4127,6855.0,-0.398,11745.177263617516,12381.0,635.8227363824844,-1329.0
518,7003.734500527382,-0.045552675,8120,7338.0,0.107,14007.469001054764,21011.203501582146,7003.734500527382,7338.0
519,6126.406746506691,0.4844698,7641,4127.0,0.851,12252.813493013382,18379.220239520073,6126.406746506691,4127.0
520,7841.179332733154,-0.034337502,6998,8120.0,-0.138,15682.358665466309,20994.0,5311.641334533691,4754.0
521,6659.199477016926,-0.1284911,7001,7641.0,-0.084,13318.398954033852,19977.598431050777,6659.199477016926,5721.0
522,7067.44352555275,0.00992338,7055,6998.0,0.008,14134.8870511055,21165.0,7030.112948894501,6998.0
523,7302.006992697716,0.04299488,7494,7001.0,0.07,14604.013985395432,21906.020978093147,7302.006992697716,7001.0
524,7465.509340763092,0.058187034,7736,7055.0,0.097,14931.018681526184,22396.528022289276,7465.509340763092,7055.0
525,8108.064131498337,0.08194077,7498,7494.0,0.001,16216.128262996674,22494.0,6277.871737003326,7494.0
526,7984.010836601257,0.03205929,6598,7736.0,-0.147,15968.021673202515,19794.0,3825.9783267974854,4322.0
527,6911.274864196777,-0.07825087,6664,7498.0,-0.111,13822.549728393555,19992.0,6169.450271606445,4996.0
528,5382.275259017944,-0.18425654,4972,6598.0,-0.246,10764.550518035889,14916.0,4151.449481964111,1720.0
529,6880.412569999695,0.03247483,7421,6664.0,0.114,13760.82513999939,20641.237709999084,6880.412569999695,6664.0
530,6221.490751743317,0.2513055,7363,4972.0,0.481,12442.981503486633,18664.47225522995,6221.490751743317,4972.0
531,7367.174225330353,-0.0072531775,7665,7421.0,0.033,14734.348450660706,22101.52267599106,7367.174225330353,7421.0
532,7655.519354224205,0.039728306,7702,7363.0,0.046,15311.03870844841,22966.558062672615,7655.519354224205,7363.0
533,7219.6339175105095,-0.058103833,6978,7665.0,-0.09,14439.267835021019,20934.0,6494.732164978981,5604.0
534,5962.054431915283,-0.22590826,5099,7702.0,-0.338,11924.108863830566,15297.0,3372.8911361694336,-107.0
535,7351.618696689606,0.053542428,6825,6978.0,-0.022,14703.237393379211,20475.0,5771.762606620789,6519.0
536,6755.5151200294495,0.3248706,6211,5099.0,0.218,13511.030240058899,18633.0,5121.969759941101,5099.0
537,7026.534444093704,0.029528892,5905,6825.0,-0.135,14053.068888187408,17715.0,3661.9311118125916,4065.0
538,6322.957229375839,0.018025674,5823,6211.0,-0.062,12645.914458751678,17469.0,4823.0855412483215,5047.0
539,6378.05209338665,0.080110416,7458,5905.0,0.263,12756.1041867733,19134.15628015995,6378.05209338665,5905.0
540,6360.847102403641,0.092365995,6891,5823.0,0.183,12721.694204807281,19082.541307210922,6360.847102403641,5823.0
541,7076.4760011434555,-0.05115636,6779,7458.0,-0.091,14152.952002286911,20337.0,6184.047997713089,5421.0
542,7028.112581849098,0.019897338,7442,6891.0,0.08,14056.225163698196,21084.337745547295,7028.112581849098,6891.0
543,7332.937012672424,0.081713736,7335,6779.0,0.082,14665.874025344849,21998.811038017273,7332.937012672424,6779.0
544,7695.432833909988,0.034054406,6879,7442.0,-0.076,15390.865667819977,20637.0,5246.134332180023,5753.0
545,7681.418098211288,0.04722804,5463,7335.0,-0.255,15362.836196422577,16389.0,1026.163803577423,1719.0
546,6811.92108052969,-0.009751257,5687,6879.0,-0.173,13623.84216105938,17061.0,3437.1578389406204,3303.0
547,6334.069133520126,0.15944886,5531,5463.0,0.012,12668.138267040253,16593.0,3924.8617329597473,5463.0
548,6602.447081327438,0.16097188,6227,5687.0,0.095,13204.894162654877,18681.0,5476.105837345123,5687.0
549,6266.732541203499,0.13301982,6660,5531.0,0.204,12533.465082406998,18800.197623610497,6266.732541203499,5531.0
550,6519.867513179779,0.0470319,7403,6227.0,0.189,13039.735026359558,19559.602539539337,6519.867513179779,6227.0
551,7019.034361839294,0.053909086,6241,6660.0,-0.063,14038.068723678589,18723.0,4684.931276321411,5403.0
552,7653.177318453789,0.033794034,6207,7403.0,-0.162,15306.354636907578,18621.0,3314.6453630924225,3815.0
553,6882.2765345573425,0.10275227,4840,6241.0,-0.224,13764.553069114685,14520.0,755.4469308853149,2038.0
554,6399.98834002018,0.031092068,4672,6207.0,-0.247,12799.97668004036,14016.0,1216.0233199596405,1602.0
555,4337.666280269623,-0.10378797,6569,4840.0,0.357,8675.332560539246,13012.998840808868,4337.666280269623,4840.0
556,4692.956756591797,0.0044856034,6290,4672.0,0.346,9385.913513183594,14078.87026977539,4692.956756591797,4672.0
557,6684.44251203537,0.01757386,7264,6569.0,0.106,13368.88502407074,20053.32753610611,6684.44251203537,6569.0
558,6469.539190530777,0.028543644,7446,6290.0,0.184,12939.078381061554,19408.61757159233,6469.539190530777,6290.0
559,7154.778158187866,-0.015036065,7499,7264.0,0.032,14309.556316375732,21464.3344745636,7154.778158187866,7264.0
560,6250.430208206177,-0.16056538,6969,7446.0,-0.064,12500.860416412354,18751.29062461853,6250.430208206177,6015.0
561,7063.267983794212,-0.058105323,6031,7499.0,-0.196,14126.535967588425,18093.0,3966.4640324115753,3095.0
562,6756.313444197178,-0.030518953,6830,6969.0,-0.02,13512.626888394356,20268.940332591534,6756.313444197178,6552.0
563,6697.193865418434,0.1104616,6786,6031.0,0.125,13394.387730836868,20091.581596255302,6697.193865418434,6031.0
564,7005.61142206192,0.025711725,5713,6830.0,-0.164,14011.22284412384,17139.0,3127.7771558761597,3479.0
565,6747.102244377136,-0.005732037,6591,6786.0,-0.029,13494.204488754272,19773.0,6278.7955112457275,6201.0
566,4361.139491736889,-0.23662882,5870,5713.0,0.027,8722.278983473778,13083.418475210667,4361.139491736889,5713.0
567,3339.7302773594856,-0.4932893,4459,6591.0,-0.323,6679.460554718971,10019.190832078457,3339.7302773594856,195.0
568,5501.074707508087,-0.06284927,7410,5870.0,0.262,11002.149415016174,16503.22412252426,5501.074707508087,5870.0
569,5905.616842150688,0.32442626,6966,4459.0,0.562,11811.233684301376,17716.850526452065,5905.616842150688,4459.0
570,7381.497241258621,-0.0038465448,7592,7410.0,0.025,14762.994482517242,22144.491723775864,7381.497241258621,7410.0
571,7234.869107723236,0.038597308,8173,6966.0,0.173,14469.738215446472,21704.60732316971,7234.869107723236,6966.0
572,7587.873936653137,-0.0005434789,6861,7592.0,-0.096,15175.747873306274,20583.0,5407.252126693726,5399.0
573,7970.61209833622,-0.024762962,6904,8173.0,-0.155,15941.22419667244,20712.0,4770.77580332756,4366.0
574,6868.7430113554,0.0011285432,6685,6861.0,-0.026,13737.4860227108,20055.0,6317.5139772892,6333.0
575,6753.223387718201,-0.021839019,6597,6904.0,-0.044,13506.446775436401,19791.0,6284.553224563599,5983.0
576,6400.051011145115,-0.04262511,7105,6685.0,0.063,12800.10202229023,19200.153033435345,6400.051011145115,6685.0
577,6408.803700864315,-0.028527576,7216,6597.0,0.094,12817.60740172863,19226.411102592945,6408.803700864315,6597.0
578,6951.485782563686,-0.021606524,7580,7105.0,0.067,13902.971565127373,20854.45734769106,6951.485782563686,7105.0
579,7049.376502990723,-0.02309082,7261,7216.0,0.006,14098.753005981445,21148.129508972168,7049.376502990723,7216.0
580,6934.559359550476,-0.08515045,7175,7580.0,-0.053,13869.118719100952,20803.67807865143,6934.559359550476,6365.0
581,7365.735882401466,0.014424488,6824,7261.0,-0.06,14731.471764802933,20472.0,5740.528235197067,5950.0
582,6884.377110004425,-0.04050492,5464,7175.0,-0.238,13768.75422000885,16392.0,2623.24577999115,2042.0
583,6141.53679227829,-0.10000925,7013,6824.0,0.028,12283.07358455658,18424.61037683487,6141.53679227829,6824.0
584,5218.725998878479,-0.04488908,7273,5464.0,0.331,10437.451997756958,15656.177996635437,5218.725998878479,5464.0
585,6662.53258562088,-0.049973954,7534,7013.0,0.074,13325.06517124176,19987.59775686264,6662.53258562088,7013.0
586,7145.2969198822975,-0.017558534,7286,7273.0,0.002,14290.593839764595,21435.890759646893,7145.2969198822975,7273.0
587,6404.786626815796,-0.14988229,5786,7534.0,-0.232,12809.573253631592,17358.0,4548.426746368408,2290.0
588,6193.538795948029,-0.14993978,6299,7286.0,-0.135,12387.077591896057,18580.616387844086,6193.538795948029,4325.0
589,6396.122171878815,0.10544801,6544,5786.0,0.131,12792.24434375763,19188.366515636444,6396.122171878815,5786.0
590,6633.849282383919,0.05315916,6883,6299.0,0.093,13267.698564767838,19901.547847151756,6633.849282383919,6299.0
591,6526.560739517212,-0.0026649125,6784,6544.0,0.037,13053.121479034424,19579.682218551636,6526.560739517212,6544.0
592,6857.312877893448,-0.0037319548,7347,6883.0,0.067,13714.625755786896,20571.938633680344,6857.312877893448,6883.0
593,6954.976272583008,0.025202893,7605,6784.0,0.121,13909.952545166016,20864.928817749023,6954.976272583008,6784.0
594,7264.208604454994,-0.011268754,7148,7347.0,-0.027,14528.417208909988,21444.0,6915.582791090012,6750.0
595,7109.857730269432,-0.065107435,7865,7605.0,0.034,14219.715460538864,21329.573190808296,7109.857730269432,7605.0
596,5690.0086987018585,-0.20397191,4549,7148.0,-0.364,11380.017397403717,13647.0,2266.982602596283,-649.0
597,6157.946628630161,-0.21704431,6530,7865.0,-0.17,12315.893257260323,18473.839885890484,6157.946628630161,3860.0
598,5703.002750515938,0.25368273,7006,4549.0,0.54,11406.005501031876,17109.008251547813,5703.002750515938,4549.0
599,6556.59451007843,0.0040726587,7375,6530.0,0.129,13113.18902015686,19669.78353023529,6556.59451007843,6530.0
600,6941.692788600922,-0.009178851,7765,7006.0,0.108,13883.385577201843,20825.078365802765,6941.692788600922,7006.0
601,6850.624777376652,-0.07110171,7582,7375.0,0.028,13701.249554753304,20551.874332129955,6850.624777376652,7375.0
602,6330.105994641781,-0.18478997,6053,7765.0,-0.22,12660.211989283562,18159.0,5498.788010716438,2629.0
603,5413.420456647873,-0.2860168,5255,7582.0,-0.307,10826.840913295746,15765.0,4938.159086704254,601.0
604,5966.645651936531,-0.01426639,6917,6053.0,0.143,11933.291303873062,17899.936955809593,5966.645651936531,6053.0
605,5823.467348814011,0.108176425,7040,5255.0,0.34,11646.934697628021,17470.402046442032,5823.467348814011,5255.0
606,6992.228879213333,0.010875955,7697,6917.0,0.113,13984.457758426666,20976.68663764,6992.228879213333,6917.0
607,7051.512603759766,0.0016353726,7713,7040.0,0.096,14103.025207519531,21154.537811279297,7051.512603759766,7040.0
608,7788.383780837059,0.011872631,7350,7697.0,-0.045,15576.767561674118,22050.0,6473.232438325882,6656.0
609,7053.427690207958,-0.08551437,6140,7713.0,-0.204,14106.855380415916,18420.0,4313.144619584084,2994.0
610,5385.2345287799835,-0.26731503,5810,7350.0,-0.21,10770.469057559967,16155.70358633995,5385.2345287799835,2730.0
611,5600.073789358139,-0.08793588,6034,6140.0,-0.017,11200.147578716278,16800.221368074417,5600.073789358139,5822.0
612,5751.730020642281,-0.010029253,6864,5810.0,0.181,11503.460041284561,17255.19006192684,5751.730020642281,5810.0
613,5985.535127401352,-0.0080319755,7112,6034.0,0.179,11971.070254802704,17956.605382204056,5985.535127401352,6034.0
614,5588.981672286987,-0.18575443,6203,6864.0,-0.096,11177.963344573975,16766.945016860962,5588.981672286987,4881.0
615,6641.287634372711,-0.06618564,7504,7112.0,0.055,13282.575268745422,19923.862903118134,6641.287634372711,7112.0
616,5008.691449820995,-0.19253725,5976,6203.0,-0.037,10017.38289964199,15026.074349462986,5008.691449820995,5522.0
617,6614.056827545166,-0.11859585,8227,7504.0,0.096,13228.113655090332,19842.170482635498,6614.056827545166,7504.0
618,5861.813100814819,-0.019107562,7525,5976.0,0.259,11723.626201629639,17585.439302444458,5861.813100814819,5976.0
619,7750.305011630058,-0.057942737,7767,8227.0,-0.056,15500.610023260117,23250.915034890175,7750.305011630058,6847.0
620,7376.562012732029,-0.019725982,7870,7525.0,0.046,14753.124025464058,22129.686038196087,7376.562012732029,7525.0
621,7228.80665230751,-0.06929234,7804,7767.0,0.005,14457.61330461502,21686.41995692253,7228.80665230751,7767.0
622,7310.834246873856,-0.07105026,8009,7870.0,0.018,14621.668493747711,21932.502740621567,7310.834246873856,7870.0
623,7522.067442178726,-0.036126677,8714,7804.0,0.117,15044.134884357452,22566.20232653618,7522.067442178726,7804.0
624,7114.964219689369,-0.11162886,7333,8009.0,-0.084,14229.928439378738,21344.892659068108,7114.964219689369,5981.0
625,6239.085500240326,-0.28401586,6869,8714.0,-0.212,12478.171000480652,18717.256500720978,6239.085500240326,3179.0
626,5870.218425810337,-0.1994793,4073,7333.0,-0.445,11740.436851620674,12219.0,478.56314837932587,-2447.0
627,6557.19063782692,-0.045393717,7591,6869.0,0.105,13114.38127565384,19671.57191348076,6557.19063782692,6869.0
628,6042.311052799225,0.4835038,7720,4073.0,0.895,12084.62210559845,18126.933158397675,6042.311052799225,4073.0
629,7392.278259515762,-0.026178572,8167,7591.0,0.076,14784.556519031525,22176.834778547287,7392.278259515762,7591.0
630,7634.557445049286,-0.011067677,8395,7720.0,0.087,15269.114890098572,22903.672335147858,7634.557445049286,7720.0
631,7139.44768601656,-0.12581761,7907,8167.0,-0.032,14278.89537203312,21418.34305804968,7139.44768601656,7387.0
632,7700.597778260708,-0.08271617,7436,8395.0,-0.114,15401.195556521416,22308.0,6906.804443478584,5518.0
633,7911.244473099709,0.0005368106,7538,7907.0,-0.047,15822.488946199417,22614.0,6791.511053800583,6800.0
634,7768.9203748703,0.044771463,7733,7436.0,0.04,15537.8407497406,23199.0,7661.159250259399,7436.0
635,6745.635069489479,-0.105116084,7393,7538.0,-0.019,13491.270138978958,20236.905208468437,6745.635069489479,7103.0
636,6427.538265049458,-0.16881698,7415,7733.0,-0.041,12855.076530098915,19282.614795148373,6427.538265049458,6779.0
637,6958.8059794306755,-0.058730405,8555,7393.0,0.157,13917.611958861351,20876.417938292027,6958.8059794306755,7393.0
638,6888.772043585777,-0.07096805,6889,7415.0,-0.071,13777.544087171555,20666.316130757332,6888.772043585777,5837.0
639,6545.762985944748,-0.23486112,6778,8555.0,-0.208,13091.525971889496,19637.288957834244,6545.762985944748,3224.0
640,5087.5182811021805,-0.26150116,4639,6889.0,-0.327,10175.036562204361,13917.0,3741.963437795639,139.0
641,6257.533304333687,-0.07678765,7572,6778.0,0.117,12515.066608667374,18772.59991300106,6257.533304333687,6778.0
642,5168.411558628082,0.114121884,7328,4639.0,0.58,10336.823117256165,15505.234675884247,5168.411558628082,4639.0
643,7148.836846590042,-0.05588525,8156,7572.0,0.077,14297.673693180084,21446.510539770126,7148.836846590042,7572.0
644,6702.269275665283,-0.08538899,7965,7328.0,0.087,13404.538551330566,20106.80782699585,6702.269275665283,7328.0
645,4477.522182226181,-0.45101494,3510,8156.0,-0.57,8955.044364452362,10530.0,1574.955635547638,-5782.0
646,4937.922136187553,-0.38004744,5478,7965.0,-0.312,9875.844272375107,14813.76640856266,4937.922136187553,504.0
647,5777.068033218384,0.6458883,6392,3510.0,0.821,11554.136066436768,17331.20409965515,5777.068033218384,3510.0
648,6163.0516991615295,0.1250551,7691,5478.0,0.404,12326.103398323059,18489.15509748459,6163.0516991615295,5478.0
649,6321.668331623077,-0.011003103,7570,6392.0,0.184,12643.336663246155,18965.004994869232,6321.668331623077,6392.0
650,7440.416537582874,-0.0325814,7282,7691.0,-0.053,14880.833075165749,21846.0,6965.166924834251,6464.0
651,6899.282360076904,-0.088602066,7109,7570.0,-0.061,13798.564720153809,20697.847080230713,6899.282360076904,6187.0
652,7591.888797044754,0.0425554,6639,7282.0,-0.088,15183.777594089508,19917.0,4733.222405910492,5353.0
653,6311.58402878046,-0.11216992,5875,7109.0,-0.174,12623.16805756092,17625.0,5001.831942439079,3407.0
654,6205.993350863457,-0.0652217,7534,6639.0,0.135,12411.986701726913,18617.98005259037,6205.993350863457,6639.0
655,5541.415512561798,-0.056780342,7461,5875.0,0.27,11082.831025123596,16624.246537685394,5541.415512561798,5875.0
656,6700.747274279594,-0.11059898,7509,7534.0,-0.003,13401.494548559189,20102.241822838783,6700.747274279594,7459.0
657,6045.07768124342,-0.1897765,5424,7461.0,-0.273,12090.15536248684,16272.0,4181.844637513161,1350.0
658,6559.099336802959,-0.12650162,8090,7509.0,0.077,13118.198673605919,19677.29801040888,6559.099336802959,7509.0
659,5686.805047988892,0.048452236,6824,5424.0,0.258,11373.610095977783,17060.415143966675,5686.805047988892,5424.0
660,7426.873499155045,-0.08196865,7058,8090.0,-0.128,14853.74699831009,21174.0,6320.253001689911,4994.0
661,6977.727361679077,0.022527423,7466,6824.0,0.094,13955.454723358154,20933.18208503723,6977.727361679077,6824.0
662,7169.684670448303,0.015823781,7693,7058.0,0.09,14339.369340896606,21509.05401134491,7169.684670448303,7058.0
663,5598.788876771927,-0.25009528,7359,7466.0,-0.014,11197.577753543854,16796.36663031578,5598.788876771927,7145.0
664,5751.137920975685,-0.25241938,7444,7693.0,-0.032,11502.27584195137,17253.413762927055,5751.137920975685,6946.0
665,6060.915342986584,-0.17639418,7852,7359.0,0.067,12121.830685973167,18182.74602895975,6060.915342986584,7359.0
666,5414.4111223220825,-0.2726476,4459,7444.0,-0.401,10828.822244644165,13377.0,2548.177755355835,-1511.0
668,1276.8703060150146,-0.8373828,1096,7852.0,-0.86,2553.7406120300293,3288.0,734.2593879699707,-12416.0
669,4676.273851394653,0.048727,5566,4459.0,0.248,9352.547702789307,14028.82155418396,4676.273851394653,4459.0
670,3845.397636413574,2.5085745,5986,1096.0,4.462,7690.795272827148,11536.192909240723,3845.397636413574,1096.0
671,5675.198623895645,0.019618846,5847,5566.0,0.05,11350.39724779129,17025.595871686935,5675.198623895645,5566.0
672,5733.26289498806,-0.042221386,5138,5986.0,-0.142,11466.52578997612,15414.0,3947.47421002388,3442.0
673,5443.903732359409,-0.068940684,5107,5847.0,-0.127,10887.807464718819,15321.0,4433.192535281181,3627.0
674,5544.510802745819,0.07911847,5259,5138.0,0.024,11089.021605491638,15777.0,4687.978394508362,5138.0
675,4913.697805225849,-0.03785043,5686,5107.0,0.113,9827.395610451698,14741.093415677547,4913.697805225849,5107.0
676,5211.473696351051,-0.009037111,5035,5259.0,-0.043,10422.947392702103,15105.0,4682.052607297897,4587.0
677,6075.361096382141,0.068477124,5315,5686.0,-0.065,12150.722192764282,15945.0,3794.277807235718,4573.0
678,5072.9968494176865,0.007546585,5992,5035.0,0.19,10145.993698835373,15218.99054825306,5072.9968494176865,5035.0
679,5267.2334107756615,-0.008987155,6536,5315.0,0.23,10534.466821551323,15801.700232326984,5267.2334107756615,5315.0
680,5494.394325256348,-0.08304502,6852,5992.0,0.144,10988.788650512695,16483.182975769043,5494.394325256348,5992.0
681,5808.792193889618,-0.111261904,6269,6536.0,-0.041,11617.584387779236,17426.376581668854,5808.792193889618,5735.0
682,4011.7226729393005,-0.41451797,4094,6852.0,-0.403,8023.445345878601,12035.168018817902,4011.7226729393005,-1422.0
683,5294.416402161121,-0.15546076,5495,6269.0,-0.123,10588.832804322243,15883.249206483364,5294.416402161121,3947.0
684,4344.6275634765625,0.06121826,5445,4094.0,0.33,8689.255126953125,13033.882690429688,4344.6275634765625,4094.0
685,5638.444609045982,0.026104596,5698,5495.0,0.037,11276.889218091965,16915.333827137947,5638.444609045982,5495.0
686,5287.556916475296,-0.028915163,5629,5445.0,0.034,10575.113832950592,15862.670749425888,5287.556916475296,5445.0
687,5136.18552005291,-0.098598525,4669,5698.0,-0.181,10272.37104010582,14007.0,3734.6289598941803,2611.0
688,5102.6977924108505,-0.093498334,5499,5629.0,-0.023,10205.395584821701,15308.093377232552,5102.6977924108505,5239.0
689,4269.920714139938,-0.08547427,5634,4669.0,0.207,8539.841428279877,12809.762142419815,4269.920714139938,4669.0
690,5190.080927789211,-0.056177307,5146,5499.0,-0.064,10380.161855578423,15438.0,5057.838144421577,4440.0
691,4988.147134065628,-0.11463487,2425,5634.0,-0.57,9976.294268131256,7275.0,-2701.294268131256,-3993.0
692,5251.420328140259,0.02048584,3910,5146.0,-0.24,10502.840656280518,11730.0,1227.1593437194824,1438.0
693,5246.435058116913,1.1634784,2277,2425.0,-0.061,10492.870116233826,6831.0,-3661.8701162338257,1981.0
694,3771.879286170006,-0.035324994,2424,3910.0,-0.38,7543.758572340012,7272.0,-271.7585723400116,-548.0
695,6744.978634357452,1.9622216,5087,2277.0,1.234,13489.957268714905,15261.0,1771.0427312850952,2277.0
696,2970.4094066619873,0.22541645,3959,2424.0,0.633,5940.818813323975,8911.228219985962,2970.4094066619873,2424.0
697,5076.078114807606,-0.0021470264,5260,5087.0,0.034,10152.156229615211,15228.234344422817,5076.078114807606,5087.0
698,4100.235630512238,0.03567458,5323,3959.0,0.345,8200.471261024475,12300.706891536713,4100.235630512238,3959.0
699,4844.454690217972,-0.079000995,5668,5260.0,0.078,9688.909380435944,14533.364070653915,4844.454690217972,5260.0
700,3342.6689755916595,-0.37203288,5191,5323.0,-0.025,6685.337951183319,10028.006926774979,3342.6689755916595,4927.0
701,4168.8490109443665,-0.2644938,4649,5668.0,-0.18,8337.698021888733,12506.5470328331,4168.8490109443665,2611.0
702,5401.749968290329,0.040599123,6234,5191.0,0.201,10803.499936580658,16205.249904870987,5401.749968290329,5191.0
703,4728.009537220001,0.01699495,6606,4649.0,0.421,9456.019074440002,14184.028611660004,4728.009537220001,4649.0
704,6049.403964400291,-0.029611144,5729,6234.0,-0.081,12098.807928800583,17187.0,5088.192071199417,4719.0
705,4372.0151706933975,-0.33817512,5375,6606.0,-0.186,8744.030341386795,13116.045512080193,4372.0151706933975,2913.0
706,5129.56930398941,-0.10463095,5008,5729.0,-0.126,10259.13860797882,15024.0,4764.861392021179,3566.0
707,4218.753293156624,-0.21511565,5582,5375.0,0.039,8437.506586313248,12656.259879469872,4218.753293156624,5375.0
708,3353.017156600952,-0.33046782,3228,5008.0,-0.355,6706.034313201904,9684.0,2977.9656867980957,-332.0
709,4232.565796017647,-0.24174742,5170,5582.0,-0.074,8465.131592035294,12697.69738805294,4232.565796017647,4346.0
710,3509.381697177887,0.08716905,5501,3228.0,0.704,7018.763394355774,10528.14509153366,3509.381697177887,3228.0
711,4461.733910441399,-0.13699539,5319,5170.0,0.029,8923.467820882797,13385.201731324196,4461.733910441399,5170.0
712,5274.966469287872,-0.041089516,5532,5501.0,0.006,10549.932938575745,15824.899407863617,5274.966469287872,5501.0
713,4701.5810161828995,-0.11607802,5611,5319.0,0.055,9403.162032365799,14104.743048548698,4701.5810161828995,5319.0
714,5377.677421331406,-0.027896319,5047,5532.0,-0.088,10755.354842662811,15141.0,4385.645157337189,4077.0
715,4080.2866002321243,-0.27280584,3786,5611.0,-0.325,8160.573200464249,11358.0,3197.4267995357513,136.0
716,3769.157385766506,-0.25318855,4585,5047.0,-0.092,7538.314771533012,11307.472157299519,3769.157385766506,3661.0
717,4659.651410579681,0.23075849,5557,3786.0,0.468,9319.302821159363,13978.954231739044,4659.651410579681,3786.0
718,4187.781560719013,-0.08663434,5267,4585.0,0.149,8375.563121438026,12563.34468215704,4187.781560719013,4585.0
719,4458.492259502411,-0.19768001,4128,5557.0,-0.257,8916.984519004822,12384.0,3467.015480995178,1270.0
720,4394.803626716137,-0.16559641,3623,5267.0,-0.312,8789.607253432274,10869.0,2079.392746567726,335.0
721,3731.967086791992,-0.09593819,1749,4128.0,-0.576,7463.934173583984,5247.0,-2216.9341735839844,-3009.0
722,3282.8818380236626,-0.09387748,1787,3623.0,-0.507,6565.763676047325,5361.0,-1204.7636760473251,-1885.0
723,2837.7874274253845,0.6225199,920,1749.0,-0.474,5675.574854850769,2760.0,-2915.574854850769,-738.0
724,1802.1483500003815,0.008477006,1013,1787.0,-0.433,3604.296700000763,3039.0,-565.2967000007629,-535.0
725,1262.9982566833496,0.37282413,441,920.0,-0.521,2525.996513366699,1323.0,-1202.9965133666992,-517.0
726,2263.8070962429047,1.2347553,2114,1013.0,1.087,4527.614192485809,6342.0,1814.3858075141907,1013.0
727,1490.3978383541107,2.379587,3095,441.0,6.018,2980.7956767082214,4471.193515062332,1490.3978383541107,441.0
728,1703.5103853940964,-0.19417672,1341,2114.0,-0.366,3407.0207707881927,4023.0,615.9792292118073,-205.0
729,2445.782991051674,-0.20976315,1796,3095.0,-0.42,4891.565982103348,5388.0,496.4340178966522,-802.0
730,2555.9901455640793,0.9060329,2729,1341.0,1.035,5111.980291128159,7667.970436692238,2555.9901455640793,1341.0
